id,fecha,usuario,texto
2007602876827480307,2026-01-03 23:59:59+00:00,Esperan99229664,"@Marga_PSOE Tanta felicidad no cabe en mi cuerpo hoy 🥳🥳🥳🥳 ,el mejor regalo de Reyes 👏👏👏 ahora solo falta que Pedrito le haga compañía al su querido amigo maduro ,eso sería toda una fantasía"
2007602876575555980,2026-01-03 23:59:59+00:00,SaraHispania,🔴 ULTIMA HORA 🔴  🇺🇸 USA.  🔴 📹 El dictador comunista Maduro llega a New York (Nueva York) esposado tras su captura en Caracas (Venezuela 🇻🇪).  🔴 ✒️ El mundo libre celebra y agradece el apresamiento del tirano Maduro.  ‼️Viva Venezuela 🇻🇪 libre‼️  💧La democracia y la libertad se hacen respetar.
2007602875955052558,2026-01-03 23:59:59+00:00,angelitamuse,"@nrkotwt @vidalcvale @vittorioO1974 Yo dije que maduro era bueno? Comprensión lectora por favor, nadie está hablando de ese sujeto."
2007602875699274017,2026-01-03 23:59:59+00:00,merchitaruiz,@elojoquetodolv La lerdas sois las que defendéis al tirano de Maduro
2007602875493646513,2026-01-03 23:59:59+00:00,jean25912,"@JMaquiavello Jordi de verdad te admiro, eres un grande de Youtube y el cine, pero aquí sí patinaste, es verdad que USA es muy conveniente, pero aquí no había otra salida, nadie tenía los medios para acabar con la rata  asquerosa de Maduro"
2007602874474520907,2026-01-03 23:59:59+00:00,FloMa292,@rodolfocarter Así que tú fuiste el que capturó a Maduro 🤣🤣🤣 https://t.co/5mJ7r1wJwx
2007602873966964868,2026-01-03 23:59:59+00:00,LuiferGonzalez9,"@ABDELAESPRIELLA La región recuperándose del cáncer socialista, sumado a la captura del narcocriminal Nicolás Maduro, indica que los buenos vientos vienen para Colombia en 2026.   @ABDELAESPRIELLA 🫡"
2007602873178505676,2026-01-03 23:59:59+00:00,jose10717,@Catarsisp Si son pro Trump o pro Maduro pueden seguir derecho
2007602870544396288,2026-01-03 23:59:58+00:00,unfollow_commie,"@Antonio26844708 @juanrallo @edugaresp Lo que dije es que Rallo es un hipócrita. Eso no es un insulto cuando llama a un ataque a otro país “las formas de Trump” (que supongo se pueden extender a participar en un genocidio en Oriente Medio, “las formas”) y luego se indigne tanto con Maduro.   ES UN HECHO."
2007602870229889117,2026-01-03 23:59:58+00:00,deptdememes,Diddy recibiendo a Maduro https://t.co/SBDjI62Cmb
2007602868396929524,2026-01-03 23:59:57+00:00,elalbertomedina,"🔴 ""Nicolás Maduro tuvo múltiples oportunidades para evitar esto; eligió comportarse como un hombre salvaje"", dice Marco Rubio, secretario de Estado de #EEUU tras la captura del presidente de #Venezuela.  📹 @USAenEspanol https://t.co/ygdowt67hb"
2007602864332648809,2026-01-03 23:59:56+00:00,oscarulloa01,Ya le fueron a preguntar a Celso Borges y Joseph Joseph qué piensan de Venezuela y Maduro?
2007602862201651347,2026-01-03 23:59:56+00:00,T13,🟠Así vive Caracas la captura de Maduro  EN VIVO #T13Central » https://t.co/tdFda9tz69 https://t.co/vA6WY5v8nY
2007602862134865941,2026-01-03 23:59:56+00:00,rkrdozzz,"Superman no seria defensor de maduro, tampoco de la invasión y bombardeo de estados unidos a Caracas"
2007505618857537572,2026-01-03 17:33:31+00:00,KarbienPiss,Como ven 🫴 https://t.co/neWYx9odh0
2007602861497299035,2026-01-03 23:59:56+00:00,RunRunesWeb,"El general Dan Caine afirmó que el equipo mantuvo el “elemento de sorpresa” y llegó al complejo de Maduro a las 2:01 am en Caracas, aislando la zona y deteniendo a los individuo  https://t.co/Bcr64TkP02"
2007602860851359750,2026-01-03 23:59:56+00:00,crowweapon,Que haya salido Maduro fue bueno. A costa de que? prostituir su petróleo. No olvidemos y el mismo @realDonaldTrump admitió que va por el oro negro.
2007602860142518472,2026-01-03 23:59:55+00:00,areliche1977,"Todos esos hijos de pugta que defienden a maduro , @RicardoPatinoEC @RC5Oficial @BancadaRC5 @LuisaGonzalezEc  ustedes jamás van a entender lo que sufrió está gente .."
2007564937581809819,2026-01-03 21:29:14+00:00,VaneDeCol,Este video pásenselo a todos los hijos de puta que están diciendo que esa extracción no era la forma y que debían ser los venezolanos los que debían solucionar el problema.   QUE MÁS PODÍAN HACER?   QUE MÁS? https://t.co/fUTiUdPrfQ
2007602859123323006,2026-01-03 23:59:55+00:00,algodetodoynada,@petrogustavo Ahora para todos maduro era un santo...wow...que presidente tiene colombia y la gente que no lo saca
2007602857495982131,2026-01-03 23:59:55+00:00,LordHumungus29,@Herensugea_ Se llevaron a Maduro y se dieron el lujo de volar en pedazos los restos de Chávez 😂
2007602856879382614,2026-01-03 23:59:55+00:00,TadeKostoff,Los que se quejan de que trump haya decidido gobernar Venezuela???????? Si amigo nos llevamos a maduro pero vamos a dejar que su partido y toda su gente siga gobernando 👍👍👍👍
2007602856820719900,2026-01-03 23:59:55+00:00,Hecyo80,@sstvrgirl_ Me vale verga ya tumbaron a maduro porfin 🗣️‼️🔥 *chilla*
2007602856191467900,2026-01-03 23:59:55+00:00,xoan3578986,@PabloEchenique Todo el apoyo a quien detiene a un narcodictador criminal como Maduro. Libertades y derechos para los ciudadanos venezolanos a pesar de la extrema izquierda española.
2007602853549092928,2026-01-03 23:59:54+00:00,iloveadam2much,Maduro adelantó la Navidad y Trump adelantó los Carnavales! 💯💯💯 #GRACIASDONALDTRUMP
2007602853448130918,2026-01-03 23:59:54+00:00,grok,"Sí, según fuentes como BBC, Reuters y reportes en X, se confirmaron ataques de EE.UU. en Venezuela el 3 de enero de 2026, con explosiones en Caracas y sitios como Fuerte Tiuna, aeropuertos y bases militares. Maduro fue capturado. Vistas divergen: EE.UU. lo justifica; Venezuela lo denuncia como agresión."
2007602852576014696,2026-01-03 23:59:54+00:00,Marototuit,@Ousitotravelle2 @VendettaParker @alandete Pues no me ha no leído bien porque : a) No cuestionaba la detención de Maduro sino la de su esposa.   b) sí esperaba que me contestaran.  c) Las leyes y tratados sí que amparan a todos los presuntos delincuentes. Son garantistas.
2007602852458573954,2026-01-03 23:59:54+00:00,ex_kal,@matecastano @DanielFLopezP Cual era la probabilidad de capturar a Maduro? Muy seguramente casi nadie pensaba que podría pasar y ...
2007602851758178636,2026-01-03 23:59:53+00:00,Matt_fdc,"En la que Maduro empiece a cantar ahora como buen lloron puto y comunista que es, se le viene la noche a todos los kukas."
2007602850789290186,2026-01-03 23:59:53+00:00,JVravo7hay,@sandra_chindoy Van a morir engañados por las estupideces. Estos idiotas defienden el proyecto mafioso de Maduro porque están alineados con los carteles de FARC y ELN. Uds son de la misma orilla. Cuál petroleo🛢️Son problemas de narco. Es un problema para el mundo. Y Trump lo solucionó
2007602849187066338,2026-01-03 23:59:53+00:00,amaranto92,@SantosTuto @adrianvalero @DianaSaray Por eso mi pendejo. No había otro camino. Maduro no respetó su palabra de entregar el poder al perder las elecciones.
2007602849036038251,2026-01-03 23:59:53+00:00,JokerspyN,@stanleybostero El agente M? Si gracias a él y su heroismo han podido capturar a maduro. Es un patriota norteamericano que se jugó la vida (y su dignidad) para infiltrarse y derrocar al malvado superbigote
2007602848771776758,2026-01-03 23:59:53+00:00,pixeluno,El hambre es cabrona y Maduro lo sabía. HDSPM!
2007488120535515159,2026-01-03 16:23:59+00:00,Argenpoirot,Los que tenían que derribar los helicópteros que capturaron a Nicolás Maduro: https://t.co/pXOTepX75r
2007602848545288279,2026-01-03 23:59:53+00:00,Oscar2704691101,"Alguien vió a los 30 millones de venezolanos que ""apoyan"" a Nicolás Maduro salir a defenderlo cuando Trump y Rubio fuerón a capturar al dictador de Venezuela?  Sospecho que Andrés Manuel López Obrador y Claudia Sheinbaum no tienen el apoyo del 80%  #NarcoPresirvientaClaudia https://t.co/FpamiLCINv"
2007602848310370457,2026-01-03 23:59:53+00:00,williamludena,"MADURO FUE VENDIDO POR SU PROPIA GENTE DE CONFIANZA, LA CIA PAGO POR SU CABEZA. https://t.co/NXdqubdR1m"
2007602846628282668,2026-01-03 23:59:52+00:00,RevistaSemana,"Estas son las primeras imágenes del dictador Nicolás Maduro, esposado y con grilletes, descendiendo del avión que lo llevó a Estados Unidos, donde enfrentará a la justicia por narcotráfico. https://t.co/if1kX8q65f https://t.co/biKTUnKx3Q"
2007602846146146677,2026-01-03 23:59:52+00:00,AnaGRiverPlate,"El lunes,ya empieza el juicio  a Maduro. Rápida la justicia en EEUU. Igual q acá.🫠"
2007602844992716926,2026-01-03 23:59:52+00:00,Anibalratti,La captura de Maduro por parte del gobierno de Estados Unidos pone en tensión el enfoque de los medios de comunicación. Es difícil condenar al mismo tiempo la intromisión de un país en la soberanía del otro y las condiciones de vida al que sometieron a millones de venezolanos.
2007602843155607672,2026-01-03 23:59:51+00:00,SebastianS82,@GordoEdicion Nadie mejor que ellos saben lo que pasaron y acá tenes que ver a los que defienden a maduro que nunca pisaron Venezuela
2007602842971103268,2026-01-03 23:59:51+00:00,Moises1023104,@TrumpTruthOnX Gracias por liberarnos del Narcodictador. Trump debe corregir que dijo que Maria Corina no inspiraba confianza. Solo los asesinos y cómplices de Maduro no la quieren en Venezuela
2007602841582727657,2026-01-03 23:59:51+00:00,carogu03,"@LemusteleSUR Exacto ahora maduro no los respetaba los cagaba de hombre. Sin medicación, sin salud. Con exilio . Lamento informarte que este criminal de maduro vendió todo .y no seas ignorante maduro negocio con ee.uu"
2007602839661801606,2026-01-03 23:59:51+00:00,Cristop33480512,"@eltemagv @antonioguterres @ONU_es Jajaja pobre de tu hermano, te indignaste más por el orangután de Maduro que por él jajaja"
2007602839183589492,2026-01-03 23:59:50+00:00,CilloZon,@RamonRosarioEsq Ahora con que van hacer campaña en el PNP? Ya Maduro cayó
2007602839057772980,2026-01-03 23:59:50+00:00,powerfulllwitch,"ésta es la manera de decirlo, celebrar la captura de maduro, más no diciendo que venezuela ya es libre porque no lo es todavía hasta que se cambie a todo el régimen."
2007597417710170341,2026-01-03 23:38:18+00:00,MundoEConflicto,🇻🇪🇦🇷 | Venezolanos en Buenos Aires celebran la captura de Nicolás Maduro. https://t.co/FEJ0cerikp
2007602836591583456,2026-01-03 23:59:50+00:00,fesope1953,@AlejoToroAnt Va a acompañar a Maduro
2007602835580703213,2026-01-03 23:59:50+00:00,Vader8479,@5noticiasuy Que poco solidario que es el zurdo con el pueblo venezolano. Prefieren al régimen de Maduro a la libertad del pueblo venezolano.. Cuando pidan delivery acuérdense de porque están acá trabajando por una propina
2007602834544701561,2026-01-03 23:59:49+00:00,CarlosV66891390,"@ElArgen48753764 @MiguelPichetto @morenoparalavic Estoy diciendo q NOSOTROS debemos armarnos, para protegernos de una invasión gringa  Después hay q estar dispuestos a usar esas armas, no alcanza con tenerlas, el gobierno de Maduro se entregó a las fuerzas gringas sin disparar ni un solo tiro, ni siquiera levantaron una espada"
2007602831738757283,2026-01-03 23:59:49+00:00,mabscorp,@EmergenciasEc Se les fue el internet a todos esos petimetres que decían que nadie iba a celebrar la caída de Maduro.
2007602831386124379,2026-01-03 23:59:49+00:00,Cskivel85,"Si no eres venezolano o nunca has escuchado de voz a alguno de ellos platicar sobre lo que se vive allí, y en este momento estás indignado porque detuvieron a Maduro tropas de EU.  Te invito a que te calles el hocico y le agradezcas a Dios que todavía tienes libertad en tu país."
2007564948264644702,2026-01-03 21:29:17+00:00,Anacarolinatz,"Salí de Venezuela hace 7 años ya, porque me pusieron una pistola en la cabeza a plena luz del día. 19 años tenía. Iba caminando a la universidad.  Me costó entender que eso pasó básicamente porque no había consecuencias para los criminales reales, como suele ser en las dictaduras.  Me fui aterrada y sin ganas de volver. Estaba chica y me costaba separar lo que es el gobierno vs. lo que es la patria.  Afuera lo entendí. Y me dolió muchísimo darme cuenta que amaba mi país más que a nada y que el recelo venía de que nunca quise ser una exiliada. Qué sensación tan fea lo que es el despojo y más cuando ni siquiera has terminado de formar tu identidad.  Por fortuna y bendición, migré a un país que amé profundamente desde el momento en que llegué. Me acogió, me permitió crecer, lo hice mi casa y lo sigo amando. Amo su cultura, sus costumbres y sobre todo a su gente.  Pude crecer, recorrer distintas tierras, sanar y ser feliz en ese proceso. País que visito, país del que me recorro al menos tres ciudades como queriendo entender cómo funciona desde adentro. Me voló la cabeza conocer formas de pensar tan diferentes e interesantes. Ese intercambio constante me recordaba lo que somos en Venezuela y lo que no. Nos empecé a recordar con cariño y con nostalgia.   Ya cuando sané y quise volver de visita, era demasiado tarde.  Para bien o para mal, tengo nacionalidad española y venezolana. La española me permitió moverme libremente por el globo, con la excepción de que si llegaba a pisar venezuela no podía salir.   Podía visitar cualquier país, excepto el mío. Y si lo visitaba, no podía salir, a no ser que tuviera ese pasaporte venezolano que me era imposible de conseguir por distintos motivos claramente relacionados a la dictadura.  Cuento esto como un marco para decir que la intervención de hoy, de este 3 de Enero de 2026, no la celebro a la ligera. Cuando crecí no soñaba con que USA bombardeara a mi país, te lo juro.   Pero tampoco nadie te prepara para lo que es ver a una tanqueta militar aplastando los huesos de estudiantes que solo exigían derechos humanos, poder comprar comida o tener libertad.   Nadie te prepara para estar semanas sin electricidad en un país que es ridículamente rico. Nadie te prepara para lo que es llegar con una emergencia a un hospital y ver cómo se te muere un familiar en los brazos porque no hay insumos. Nadie te prepara para lo que es tener amigos presos en el centro de tortura más grande del continente, y que ese centro de tortura casualmente esté en tu país.   Una dictadura es una dictadura. Y las salidas pacificas son una utopía.  Lo intentamos todo: votar, alzar la voz, pedir ayuda, protestar, irnos, quedarnos y hasta morir por nuestra tierra.  Nada funcionó. Y la represión no solo siguió sino que tomó fuerzas. En algún punto se sintió invencible (en psicología le decimos “Indefensión aprendida”). Por eso estamos tan contentos hoy. No creemos que lo que vengan sean rosas, pero sí nos devuelve algo de esperanzas.  No tienen que venir a preocuparse por nuestro petróleo, sabemos que tenemos las reservas más grandes del planeta. Rusa y China también lo saben bien, porque nos lo han robado en las últimas dos décadas y ahí si no hemos visto a nadie diciendo nada.  Todavía nos queda mucho. Y seré cruda con esto: tampoco somos libres (aún). Pero por primera vez en 26 años está ocurriendo algo histórico en nuestro país.  Si no eres venezolano, déjanos celebrar un poquito esta sensación de alivio y de esperanza que habíamos perdido.  Si eres venezolano y estás en Venezuela, por favor cuídate mucho. Nos necesitamos a todos a salvo.  Si eres venezolano y estás fuera, te entiendo. Te abrazo fuerte y te pido nos eduquemos sobre lo que pasa para explicarlo bien. Hará falta darle visibilidad a esto para que no se tergiverse nuestra historia.  Ya la historia no es solo el pasado, sino lo que está ocurriendo hoy. Y por eso cuento la mía."
2007602830543335506,2026-01-03 23:59:48+00:00,xoxo_tidiest,@lopezobrador_ El peor presidente que tuvo México. Espero con ansias que lo que hoy le sucedió a Maduro le suceda a usted pronto.
2007602830492983707,2026-01-03 23:59:48+00:00,Roham52664557,"@WPolitics1 , Nicolás Maduro; una movida que huele a la misma política vieja de «asustar al Sur Global», o sea, humillar a los pueblos que se atreven a pensar con independencia.  Debajo de todo esto hay una capa más profunda: raptar a Maduro no habría sido posible sin la complicidad de"
2007602829578609048,2026-01-03 23:59:48+00:00,____muji69,"@clarincom Cómo hago para apostar que maduro se ""mata"" ?"
2007602829519679857,2026-01-03 23:59:48+00:00,petrohp123,@Don_Patriota1 @yiyi2606 Fue incondicional con Maduro.
2007602827909382462,2026-01-03 23:59:48+00:00,Annieci123,"@Trumperizar Ignorantes. USA fue a liberar de la opresión de un dictador a su pueblo para que sea libre. Estudien un poco y fíjense los acuerdos de maduro con Cuba, Rusia, China e Irán etc.  Más de 8 millones de venezolanos tuvieron que emigrar. Estudien, relatadoras adiestradas"
2007602826256716190,2026-01-03 23:59:47+00:00,espirituaether,@RebeldeNeurona Maduro mato a Canserbero y Chavez saqueo la tumba de Bolivar bienvenidos al infierno ratas
2007602823341768722,2026-01-03 23:59:47+00:00,EdwinAnguianoA,"@owornat Nuestras opiniones son irrelevantes. La mayoría de venezolanos, los que están dentro y fuera son los que merecen ser escuchados y es a quienes debemos apoyar!  Qué se vayan los gringos y que los venezolanos arreglen su país, el trabajo está hecho Maduro no se hubiera ido solo!"
2007602823203262951,2026-01-03 23:59:47+00:00,Allan________x,JAJAJAJAJAJA COME MRD MADURO
2007531399155462398,2026-01-03 19:15:58+00:00,JackSablier,Resumen del 3 de Enero en Venezuela: https://t.co/xt6UfAayGo
2007602822557405454,2026-01-03 23:59:47+00:00,1PoliticoMas,El excelentísimo presidente de El Salvador @nayibbukele viendo a Maduro y la situación del gobierno de Venezuela https://t.co/1j48TBGKEy
2007602821932401136,2026-01-03 23:59:46+00:00,_lexnardo,maduro fue muy bueno
2007602820955136113,2026-01-03 23:59:46+00:00,Luis31169299227,"@susanantonp Pues mira por donde vas a tener muy mala suerte, a Maduro ya no le vas a volver a ver el pelo y a Ayuso te vas a hartar de verla"
2007602818090406013,2026-01-03 23:59:45+00:00,ClaralucySilva2,"Es verdad,cayó maduro y luego sigue el guerrillero Gustavo Petro y el guerrillero Ivan Cepeda  %!(EXTRA string=ÁNGELES TELEVISIÓN) https://t.co/BZmyL8vsfI"
2007602817746571608,2026-01-03 23:59:45+00:00,BellezzaSublime,El anime de como capturaron a Nicolas Maduro ya esta en produccion. Exito asegurado. https://t.co/wYBLSC0zTI
2007602814160384464,2026-01-03 23:59:45+00:00,tomodachi01010,"@DirkBlumenfeld Me lo imagino.  Además, seguro que los estenógrafos cheles de Maduro y de los chamucos aquí ( que son todos parte de la misma mafia propagandista tankie) deben estar coqueando que escribir para explicar el hecho que su propia gente seguramente lo vendió."
2007602813871034660,2026-01-03 23:59:44+00:00,metropo57986,@ISAZULETA @petrogustavo Bla bla bla … así decían de Maduro
2007602813816439167,2026-01-03 23:59:44+00:00,jaimeguerrero08,"Llegan #NicolasMaduro y su esposa a base militar en #NewYork. Lo reciben agentes del #FBI.  Un avión que transportaba al Presidente Nicolás Maduro, y a su esposa, Cilia Flores, tras ser capturados en Venezuela llegó a la base de la Guardia Nacional Aérea Stewart en Nueva York.  Maduro apareció rodeado de agentes del FBI mientras descendía por la escalerilla de un avión del Gobierno estadounidense en una instalación de la Guardia Nacional del estado de Nueva York. Luego fue escoltado lentamente a lo largo de la pista.  Se espera que el depuesto Presidente sea trasladado en helicóptero a la ciudad de Nueva York, donde enfrenta cargos de narcotráfico y terrorismo."
2007602812734320683,2026-01-03 23:59:44+00:00,3DogFriends,@Shem_Infinite Maduro as the penguin!😂
2007602811538903446,2026-01-03 23:59:44+00:00,0_acano,"@charito9630 @JoseGTorresX el petrismo se quedo sin el subsidio venezolano, cayo maduro y de donde sacaran los 15 mil milloncitos para que cepeda pueda hacer su campaña presidencial?"
2007602809961578659,2026-01-03 23:59:44+00:00,miiiruwu,"@noexisto5_ @cottonfresiaok @MicaSuarez12 De q hablas imbécil si maduro nunca fue presidente electo x dios,sos joda???la gente tuvo que irse a otros países POR HAMBRE de que imperialismo hablas"
2007602809185915163,2026-01-03 23:59:43+00:00,GaleanoHND0,"@pichuzelaya Se llevaron  a la esposa de Maduro, Cilia, ojalá  sea así en HND, que se lleven al Comandante con  la esposa, que también comía de la ""mitad para el Comandante"" @realDonaldTrump  y no se olviden de venir por @MarlonOchoaHN que atacó incendiando la puerta  de la @usembassyhn"
2007602809081082367,2026-01-03 23:59:43+00:00,jlbarros,"Cayó Maduro, pero el régimen continúa. Y continuará mientras le hagan caso a Trump. No ha cambiado nada. Solo cambiaron al monigote de turno."
2007602808565190897,2026-01-03 23:59:43+00:00,Noebang1,"@TinchoSnow_ A mi me da gusto q capturen a Maduro, solo q te va a gobernar otro pais"
2007602807877296406,2026-01-03 23:59:43+00:00,LunaLeopol21628,"@LuciaAlvites Estar en defensa de MADURO el naco dictador que se robó las elecciones, asesino de su pueblo, generador de la peor situación humanitaria de su pueblo con millones de emigrados forzados, te hace ver como una persona miserable. Comenta la vida de los venezolanos migrantes."
2007602807143313666,2026-01-03 23:59:43+00:00,AlejandroSBasso,"A los nuevos expertos en ""derecho internacional"" que salieron a flote en X después del arresto del delincuente Nicolás Maduro:   Pásense un rato por las denuncias con cientos de pruebas en la CPI al propio Maduro y sus secuaces, a ver si así lo siguen defiendiendo. Imbéciles."
2007602807080390884,2026-01-03 23:59:43+00:00,Rodrigogodzilla,¿Se te olvidó que la gente sí actuó por medio de elecciones? ¿Elecciones que Maduro se metió por donde no pasa el Sol?
2007602806652580259,2026-01-03 23:59:43+00:00,nevermimo,@VIRGINI48049938 @EniorJimenez Cualquier persona normal prefiere vivir en la era yanqui que en la era maduro.
2007602805465563215,2026-01-03 23:59:42+00:00,JrNavarret57303,"@VLADIMIR_CERRON En vez de llamar a cualquier Organismo mejor convoca a los #DinamicosDelCentro o a tus congresistas TERRUCOS, MOCHASUELDOS, TRANSFUGAS, CORTAUÑAS ... para que intervengan en defensa de su Camarada Maduro #IzquierdaMiserable #VenezuelaLibre #IzquierdaNefasta https://t.co/7Cb0Ph6Bio"
2007602805415280693,2026-01-03 23:59:42+00:00,GuerreroMiguelE,"@CalltoActivism ¡Insólito! Por más repugnante que haya sido o  sea el gobierno chavista de Nicolas Maduro, esta declaración del presidente Trump viola todas las normas del derecho internacional y las relaciones entre las naciones."
2007602803678871664,2026-01-03 23:59:42+00:00,ferritoo2,los únicos que no salimos hoy somos Maduro y yo
2007602803045503164,2026-01-03 23:59:42+00:00,fabioarevalo,"Maduro es el sujeto más impopular y odiado en el mundo. El bombardeo fue contra su tiranía, para salvar a Venezuela. Al contrario quiénes defiendan dictadura fascista q usa bandera de la muerte (roja con negro), serán más impopulares y odiados. Los buenos políticos son demócratas"
2007375328151515339,2026-01-03 08:55:48+00:00,MoisesNinco_,¿Se dan cuenta cómo las cuentas uribistas celebran el bombardeo contra Venezuela y dicen que Colombia es la que sigue?  Ni un voto más al uribismo anti latinoamericano.
2007602800767996156,2026-01-03 23:59:41+00:00,JPuma1234,"https://t.co/pOfCONY6rX efectivamente, al menos 40 civiles murieron.. y hay gente muy feliz"
2007596354424782970,2026-01-03 23:34:04+00:00,ArrepentidosLLA,El propio The New York Times acaba de confirmar que murieron 40 civiles en la invasión de Donald Trump. Así quedaron las casas de la gente. La mitad de los gobiernos de Latinoamérica se pronunciaron a favor de esto incluyendo Argentina. Increíble https://t.co/vgKlj6Eq9v
2007602800058908952,2026-01-03 23:59:41+00:00,jatirado,"Ayuso califica a Maduro de dictador y respalda a González Urrutia y a María Corina Machado https://t.co/4rCkxn6dbE  La presidenta de la Comunidad de Madrid, Isabel Díaz Ayuso, afirmó que Nicolás Maduro es un “dictador” que ha “secuestrado las urnas y a su pueblo”, al que atribu… https://t.co/5nv1HmORzy"
2007602798612099121,2026-01-03 23:59:41+00:00,rucassa,El Comité Editorial del New York Times dice que el ataque de Estados Unidos a  Venezuela es ilegal e imprudente.  https://t.co/QQXr227VzG
2007448283770245343,2026-01-03 13:45:42+00:00,Linaarangovoz,Era el pueblo venezolano quien tenía que actuar. Solo ellos. Nadie más.
2007602798331097253,2026-01-03 23:59:41+00:00,angelique_niro,"Mis hermanos en Jesucristo, celebren como se les cante el jopo, pero aterricen rápido que Trump no es mejor que Maduro."
2007602797915898267,2026-01-03 23:59:41+00:00,LetrasDeNahuall,"@LOVREGA Otra vez le van pelar la reata.... ANLO no Maduro,... No existe comparación,... Chingateesta"
2007602797752287417,2026-01-03 23:59:41+00:00,Daniel_A_punto,@albertolastiene @GBUforiU @SgtRobertBarnes @ManuelPolo650 @otravoz1 @PuenteUribarri Entran pillan al maduro del palacio presidencial y se lo llevan a nueva york sin que nadie haga nada y piensas que ponen a la tal delsi y dejan  que gobierne como quiera??? O estás muy abducido y o muy listo no eres.  Os han violado y no os habéis enterado
2007602796347163072,2026-01-03 23:59:40+00:00,rafitasen,"@AccionNacional 🤣""Acción Nacional"" se pronuncia por una transición pacífica a la democracia""🤣  Suponiendo sin conceder; pues por más falacias que inventen (como lo hacen aquí con la Pdta. Sheinbaum); Maduro es el Pdte. legítimo de Venezuela. ¡Solo que no tienen los 🥚s para contrariar a Trump!"
2007602795202130344,2026-01-03 23:59:40+00:00,corp_zombies,"@manuelhborbolla Si hay algo peor que EUA en el mundo es la FIFA, es mas fácil sabotear a EUA que a la FIFA.  Maduro pidio a gritos la ayuda militar de Colombia y Brasil y ambos lo dejaron en visto.  A uds les gustan las fantasías caramba."
2007602795059478921,2026-01-03 23:59:40+00:00,mscalmaira2,Quieren el petróleo y te lo hacen pasar por el régimen NARCOTRAFICANTE de MADURO 🤡
2007602794812055663,2026-01-03 23:59:40+00:00,marcela13445872,@ChuchoTrader @dosinaga2 Va a ayudar al Presidente legítimo que no es Maduro Es Gonzales Urrutia El y Corona ganaron las elecciones Maduro es dictadura
2007602793360904650,2026-01-03 23:59:40+00:00,ElOsoCarnoso,Así estoy con los videos de venecos exiliados reaccionando a la captura de Maduro… 💔🥺 https://t.co/oM31zvkeeF
2007602792899522956,2026-01-03 23:59:39+00:00,mia_h2013,@ojocolombia2026 Que aprovechen y lo dejen en la celda de al lado de su ídolo Maduro
2007602790743609666,2026-01-03 23:59:39+00:00,Kata41281930,@juanpabloswett Ahora sin Maduro Todo eso se termina entonces?... JÁ https://t.co/bSCpuMjfr9
2007602789904724317,2026-01-03 23:59:39+00:00,OSAMAROJO,Este debe ser un hijodeputa del régimen de maduro
2007554302827753736,2026-01-03 20:46:59+00:00,AlertaNews24,"🇺🇸🇻🇪 | MADURO CAPTURADO: El alcalde neoyorquino Zohran Mamdani sobre la captura de Maduro: ""Llamé a Trump y hablé con él directamente para expresarle mi oposición a ese acto"". https://t.co/iPG1cNzW1M"
2007602789145546870,2026-01-03 23:59:39+00:00,Dathcidius,@Macca15Paul A no... Y cuando maduro dijo que el se quedaba a las buenas o las malas y que correría ríos de sangre..... Emulo a Mao verdad?.... Pendejo
2007602788990320677,2026-01-03 23:59:39+00:00,VERCEROANONIMO,@RTVCnoticias Es verdad o es como cuando dijo que era pura mierda y que Maduro estaba parchando. https://t.co/1MppjyjYaP
2007602782640255348,2026-01-03 23:59:37+00:00,brokesus_963,"vetealv por culpa de maduro, trump y la onu ahora tengo que darle la razón a xochitl galvez"
2007520179379679603,2026-01-03 18:31:23+00:00,XochitlGalvez,"El sistema multilateral está rebasado. Permitió el régimen autoritario en Venezuela que durante 25 años hundió a sus habitantes en la miseria y en la reprensión. La dictadura de Chávez y Maduro es infendible.   También, abrió espacio a una inaceptable intervención militar estadounidense que violó el derecho internacional.  ⁠Organismos multilaterales como ONU, OEA y CELAC carecieron de voluntad para frenar a Maduro tras el fraude electoral que cometió en Venezuela.   Llegó el momento en que el mundo replantee las instituciones multilaterales.   Abrazo a los hermanos venezolanos, que pronto alcancen su libertad."
2007602781549699491,2026-01-03 23:59:37+00:00,amantedejiro,Tenemos la venta del club y el partido de mañana que es una final y lo único que se está hablando y discutiendo es de apoyar o no apoyar al maduro https://t.co/CHDzepY7MM
2007602779901063394,2026-01-03 23:59:36+00:00,grok,"Según reportes de CNN, Reuters y Al Jazeera, Maduro fue capturado por fuerzas de EE.UU. el 3 de enero de 2026 y trasladado a Nueva York para enfrentar cargos. Hay celebraciones en partes de Venezuela, pero también condenas regionales. La situación evoluciona; veremos cómo se desarrolla."
2007602779691606063,2026-01-03 23:59:36+00:00,Lucasos83119736,"@protobertx y si no murió ningún civil y el país prospera me alegra en serio, pero no pdoemos andar celebrando las estupideces que haga el pedófilo de trump solo porque acabó con el régimen del maldito perro de maduro"
2007602777984512214,2026-01-03 23:59:36+00:00,Fernand86162769,@petrogustavo @LindaPro2615 Pronto acompañante de Maduro 🙏🙏🙏🙏🙏🙏🙏🙏🙏🙏🙏🙏🙏🙏🙏🙏🙏🙏🙏🙏🙏
2007602777443475783,2026-01-03 23:59:36+00:00,SotanoDeAndr3s,"@therealbuni Michelo: YA NO TENGO PA' TRAGAR, SE LLEVARON A MADURO, Y ME ODIAN EN MI PAÍS"
2007602777208565937,2026-01-03 23:59:36+00:00,Ediliacaro,"@RedPichacosa Hacé lo que te dé la gana, Maduro no vuelve...🤣🤣🤣"
2007602776399065572,2026-01-03 23:59:36+00:00,AlinaCullen0,"@dhg_martin Yo entiendo que hay gente que se fue del país por Maduro, jamás defendí a Maduro ni lo defendería, no te dije que eras venezolano pero ya que te chupe un huevo me da a entender que el diálogo contigo es como pelar una piedra con una cuchara,tranquilo que no soy tonta,"
2007602774016757969,2026-01-03 23:59:35+00:00,Isabel20870359,"@capTercio Maduro es solo un payaso más del circo, el circo aún sigue levantado."
2007602773907648852,2026-01-03 23:59:35+00:00,milev__,Alguien que haga un edit de Maduro con Fugitivo de fondo
2007602771927937325,2026-01-03 23:59:34+00:00,mathamomg,"El gobierno de EEUU al parecer está bien informado del más mínimo detalle del supuesto narcotraficante que les inundó la población de droga hace más de 50 años. Maduro tendría en ese entonces 13 años. ¿Pero ese gobierno NO SABE COMO ENTRA, DISTRIBUYE Y VENDE EN SU TERRITORIO?"
2007475950410256461,2026-01-03 15:35:38+00:00,alandete,"El nuevo auto MUY REVELADOR ha sido imputada la familia incluido el hijo Nicolasito Maduro por integrar organización narcotraficante.   Por primera vez, la fiscalía federal de Nueva York incluye de forma expresa a la esposa de Nicolás Maduro, Cilia Flores, y a su hijo, Nicolás Maduro Guerra, como integrantes activos de la conspiración criminal, no como figuras accesorias o colaterales.  La acusación sostiene que Flores y Maduro Guerra participaron en una estructura dedicada durante años al envío de grandes cantidades de cocaína a Estados Unidos, utilizando recursos del Estado venezolano, rutas protegidas y logística oficial.  El escrito atribuye a la red el uso de armas automáticas, dispositivos destructivos y escoltas armadas, con participación de fuerzas de seguridad y colectivos parapoliciales para proteger cargamentos, rutas y operaciones.  La fiscalía vincula a la trama con grupos armados designados como terroristas por Washington, incluidas las FARC, y describe reuniones y acuerdos para el tráfico conjunto de drogas y armas.  El gran jurado atribuye a la cúpula del entramado, incluida la pareja presidencial, la orden o autorización de secuestros, palizas y asesinatos relacionados con disputas internas del negocio de la droga y el control de pagos.  Todos los acusados se enfrentan a penas de hasta cadena perpetua y a la confiscación de activos vinculados directa o indirectamente a los delitos, como parte de una estrategia de presión judicial y financiera sobre el entorno familiar de Maduro."
2007602771642683677,2026-01-03 23:59:34+00:00,ManlyParisian,@FilipeCarv75913 @FlavioBolsonaro Maduro capturado!!🤣😂🤣😂
2007602769935642845,2026-01-03 23:59:34+00:00,JuMarianela,"@pepe_auth El Pinocho entrego el poder por plebiscito,maduro NO"
2007602769742659747,2026-01-03 23:59:34+00:00,Rosariotres,Las expresiones del arco político argentino sobre la detención de Nicolás Maduro por parte de Estados Unidos https://t.co/oA4D7jp8C6
2007602769000374605,2026-01-03 23:59:34+00:00,ertukeke,"@PitPad3 Segun y que va a meter a maduro en la  cárcel con didy combs,  entonces si va a llevar morcilla 😱"
2007602768790597792,2026-01-03 23:59:34+00:00,GinnaPorras0208,"@marcorubio Maduro es un Narco terrorista, y nooo es presidente de Venezuela, es un usurpador"
2007602768194793627,2026-01-03 23:59:34+00:00,MonicaDuvi,@Argenpoirot Agora si ..cae de MADURO 🤣🤣🤣
2007602767897210969,2026-01-03 23:59:33+00:00,15007_PD,"Soberania de EEUU. No estar de acuerdo con el regimen de Maduro, no justufuca esto."
2007517810080223425,2026-01-03 18:21:58+00:00,JesusCintora,"Trump diciendo que María Corina Machado no tiene apoyo ni respeto para dirigir Venezuela, que dirigirá EE UU y repitiendo la palabra “petróleo” constantemente. No sé qué pasará, pero en España ¿igual algún dirigente se ha precipitado hoy con sus mensajes? Veremos https://t.co/YXr9OE5lGe"
2007602767519453687,2026-01-03 23:59:33+00:00,latinus_us,"""Vengan por mí, aquí los espero"": Casa Blanca utiliza declaraciones de Maduro para presumir captura. #Latinus #InformaciónParaTi https://t.co/bZIQzkoCXd"
2007602767469391940,2026-01-03 23:59:33+00:00,luyummi,@SofiaRo95888734 @EJagger89 @GusgammGustavo @FuriaScaglione si obvio! no es que se tuvieron que ir por Maduro? pobre gente que vuelvan a ser felices y libres!
2007602767364599810,2026-01-03 23:59:33+00:00,cubanoticias360,"La dirigente opositora venezolana María Corina Machado se pronunció públicamente tras conocerse la captura de Nicolás Maduro, con un mensaje dirigido al pueblo venezolano.   https://t.co/QQ2Go3T5BK"
2007602767138038040,2026-01-03 23:59:33+00:00,LuMiSaBe,"Solo aquellos comunistas que viven en un país democrático son los que protestan por la captura de un delincuente como Maduro, ninguno que viva bajo un régimen comunista y sufra lo que han sufrido los venezolanos no apoyaría esta acción directa contra Maduro."
2007596319079313840,2026-01-03 23:33:56+00:00,Luisrgrb65,Videos filtrados de Nicolás Maduro -Ya no grita ni se la tira de Arrecho... https://t.co/CNK2zMZ9mI
2007602767100363164,2026-01-03 23:59:33+00:00,KrlosDnis,@InformaCosmos Se acordaron de las formas  Cuando el genocida de maduro se robó las elecciones no reclamaron
2007602764952846552,2026-01-03 23:59:33+00:00,ForosTelecinco,"Aunque fuimos nosotros quienes orquestamos tu muerte para que pareciese un suicidio, espero que desde el cielo, o más abajo, estés orgulloso de que acabamos secuestrar a Maduro, pasándonos las leyes por las pelotas, como hacíamos con aquellas jovencitas. ¿Te acuerdas?"
2007584162413457867,2026-01-03 22:45:38+00:00,Dix_Soleil,@NatRothschild1 https://t.co/Hgg0zVvHgV
2007602764743094518,2026-01-03 23:59:33+00:00,1_Luis_Gonzalez,"¡¡CALLATE CORRUPTO DE 💩💩POR TU CULPA MÉXICO ESTÁ VIVIENDO UN PERIODO DE DECADENCIA COMO NUNCA EN NUESTRA HISTORIA DE SOBERANÍA DEMOCRÁTICA, YA TE LLEGARÁ EL TURNO PARA ACOMPAÑAR A MADURO EN PRESIDIO…!!"
2007562430834950500,2026-01-03 21:19:16+00:00,lopezobrador_,"Estoy retirado de la política, pero mis convicciones libertarias me impiden callar ante el prepotente atentado a la soberanía del pueblo de Venezuela y el secuestro de su presidente. Ni Bolívar ni Lincoln aceptarían que el gobierno de Estados Unidos actuara como una tiranía mundial.  Presidente Trump: no caiga en la autocomplacencia ni escuche el canto de las sirenas. Mande al carajo a los halcones; usted tiene capacidad para actuar con juicio práctico. No olvide que la efímera victoria de hoy puede ser la contundente derrota del mañana. La política no es imposición.  Recuerde que “el respeto al derecho ajeno es la paz”, como nos enseñó Benito Juárez en el siglo XIX. Soy mexicano con mucho orgullo, pero también latinoamericano. Apoyo incondicionalmente a mi presidenta Claudia Sheinbaum.  Por ahora no le mando un abrazo.  AMLO"
2007602761312116934,2026-01-03 23:59:32+00:00,jcmspx,🇺🇸🇻🇪🔥 | HISTÓRICO — El exmandatario venezolano Nicolás Maduro y Cilia Flores ingresan a Estados Unidos arrestados para enfrentar la justicia. #NicolasMaduro #Venezuela #VenezuelaLibre   https://t.co/w0gXn12Cyn
2007602760204923363,2026-01-03 23:59:32+00:00,jhonrivriv,@PonchoGutz Si los que salen a llorar por maduro. Gracias Sr presidente Trump.
2007602759441564149,2026-01-03 23:59:31+00:00,JRmatias__,"Maduró reprimiendo jubilados con el protocolo antipiquete de @PatoBullrich  Ese es mi general, respetando el derecho a transitar libremente de los ciudadanos Bolivarianos"
2007512161711730853,2026-01-03 17:59:31+00:00,mediadeguarapo1,Lo que ocurrió cuando Venezuela quiso hacer algo: https://t.co/HjUVTnDTY0
2007602758623604771,2026-01-03 23:59:31+00:00,Agustines2Tin,"@Quesadacid Como si Maduro no hubiese matado miles de personas. Por cierto, el Gordo Dan te robó un twit, fijate"
2007602758288118109,2026-01-03 23:59:31+00:00,TiempoHonduras,El caso de Manuel Antonio Noriega vuelve a ser recordado con la captura de Nicolás Maduro en 2026. https://t.co/yBRrumsXTs
2007602757512151520,2026-01-03 23:59:31+00:00,jorge_jagaj1962,"@VaneDeCol Y por eso mismo los verdaderos venezolanos en el exilio hoy celebran con el alma. Los que protestan reclamando que ""liberen"" a Maduro ni son venezolanos ni tienen idea del mal que este dictador le ha hecho a su pueblo."
2007602757230805484,2026-01-03 23:59:31+00:00,grok,"@maurotimauroti @ManuelVegaMX @EseTalMikeFit @TheGreatJosephS @liderponce574 @MaraVil88466996 @soccergol4 @KroGi30008 @adnware @MinekoKia @l_enriqueromero @m_pulido_abreu @SocCivilMx @4T_Segundo_Piso @Chatomex2016 @KleineKrOteFifi @flyndamx @ElSinaloenC @Diowlone @31m3r0m3r0 @LazurdaXotchitl @pato_chavezp @castillollanasm @JuPaVeBe @MayraABR1 @Joaqun1411611 @ayon140775 @JLo_S_X_M @JorgeEd52527385 @jose_ville1 @Calvari666 @soccertruc72454 @Ruiz1974Victor @Arra2709mrt @estanislaojr @Guiller72691024 @riverainmexico @iVNuevoo @AntiLatiFundio8 @fernandeznorona @POTUS @realDonaldTrump @TheJusticeDept @SecRubio @SecretaryTurner @Sec_Noem @SecMayorkas @lopezobrador_ @Claudiashein Entendido, observación justa. Sobre las estatuas en Venezuela: videos circulando son de protestas de julio 2024, no de hoy. Confirmado el arresto de Maduro por fuerzas EE.UU., pero sin reportes de derribos nuevos. Fuentes: CNN, Reuters."
2007602756861997562,2026-01-03 23:59:31+00:00,fabioarevalo,"@MoisesNinco_ Maduro es el sujeto más impopular y odiado en el mundo. El bombardeo fue contra su tiranía, para salvar a Venezuela. Al contrario quiénes defiendan dictadura fascista q usa bandera de la muerte (roja con negro), serán más impopulares y odiados. Los buenos políticos son demócratas"
2007602756241211609,2026-01-03 23:59:31+00:00,FinalBeatle,"Ahora invocan el derecho internacional. Pero no lo hicieron con la invasión de Putin a Ucrania, no lo hicieron con el ataque terrorista criminal de Hamas, ni con los presos políticos torturados y asesinados por Maduro. Tienen indignación selectiva, parece. https://t.co/fEstWFPR4T"
2007602755838587003,2026-01-03 23:59:31+00:00,MyriamBregmanMx,@miporonga2 @morfofetos No no nooooooooo Q vuelva no me importa Maduro 😭💔
2007602754374783073,2026-01-03 23:59:30+00:00,DODI_VZLA,Trump publica varias imágenes del seguimiento de la operación para derrocar a Maduro.  https://t.co/hG7sBLhkTl
2007602753334554875,2026-01-03 23:59:30+00:00,Marcelo72260575,"@GayerGus Canta maduro, canta!"
2007602752743190924,2026-01-03 23:59:30+00:00,tavita110,"@jeannette_jara Por qué nunca condenaron con esta misma fuerza la narcodictadura de Maduro? yo creo que eso era más grave sra Jara, no insulte la inteligencia de los chilenos"
2007602752428314947,2026-01-03 23:59:30+00:00,GIRONV875,"La Diputada Claudia Ortiz, la defensora de pandilleros, ahora defendiendo al narcotraficantte Nicolas Maduro. Con razon  se le ha bautizado como  ""Diputada Votos de sangre"""
2007592000586187053,2026-01-03 23:16:46+00:00,ClaudiaOrtizSV,A veces no es una constante… es falta de comprensión https://t.co/vBpb9d1Wu4
2007602752038547686,2026-01-03 23:59:30+00:00,GundoZar03,Venezuelan President Nicolás Maduro woke up to find an American flag in his room https://t.co/qDf1ExJ2hZ
2007602749857530169,2026-01-03 23:59:29+00:00,ReinaDelvalleR2,Caracas en apoyo del Presidente Maduro #Venezuela https://t.co/W42AXwfXul
2007602748859277589,2026-01-03 23:59:29+00:00,Gabriel53158355,"@meganoticiascl Eran las 2 de la mañana y estaban rumbeándo  Se enteraron que maduro cayó y siguieron rumbeándo, y Asi los últimos 10 años"
2007602748469195133,2026-01-03 23:59:29+00:00,MarioJPenton,❌#ULTIMAHORA Imágenes de Nicolás Maduro rodeado de agentes federales en suelo americano https://t.co/xsWqpYngWF
2007602747659661651,2026-01-03 23:59:29+00:00,ESPV_PSPV,"Izquierda Socialista exige la liberación de Maduro y pide al Gobierno que denuncie ""la brutal agresión"" de EEUU  https://t.co/gMaejg5Kpk"
2007602747097649525,2026-01-03 23:59:29+00:00,JorgSNZ,"@luisghernan @lopezobrador_ @realDonaldTrump @Claudiashein Uy!! Que miedo, ya habló el rey del cash!! Ya con eso Trump liberará a Maduro"
2007602744623018438,2026-01-03 23:59:28+00:00,GuadarramaXS,"@FreddyOliviery @ONU_es Zelensky no es terrorista, dictador, ni líder de un cartel como Maduro. Así que mejor resérvate este tipo de comentarios"
2007602743964512496,2026-01-03 23:59:28+00:00,alexxdominguez9,@AlertaNews24 Che no falta Maduro ahi?
2007602743360532647,2026-01-03 23:59:28+00:00,adascript,"@CarlosIbarra23i @LillyTellez Siempre va a existir un régimen en Venezuela, capturar a Maduro es sólo una ilusión de “libertad”."
2007602743326998691,2026-01-03 23:59:28+00:00,Joseblazer1,@MadameSiimone MADURO FUE PRESO POR CRIMINAL  Y NARCOTERRORISTA
2007602741598924859,2026-01-03 23:59:27+00:00,gatitoguiri,"@lasalvacicn —menos mal que soy más maduro... —ríe levemente, acunándose un poco más en su mano, sintiendo cómo su corazón va a mil por hora—. tú también sigues igual. más mayor, más guapo si es posible... pero sigues siendo tú. y menos mal."
2007602740537786740,2026-01-03 23:59:27+00:00,soy_502,"😳 Trump dice que ""muchos"" cubanos murieron en el ataque en Venezuela  Trump dijo que muchos cubanos murieron cuando las fuerzas estadounidenses atacaron Venezuela y capturaron al presidente Nicolás Maduro.  https://t.co/FzUqpTZddP https://t.co/zYOxQ5EaOq"
2007602739724124330,2026-01-03 23:59:27+00:00,samantha_font,La comunidad internacional debe unirse para defender la soberanía de Venezuela y rechazar cualquier forma de intervención. ¡La resistencia continúa! ✊ #VenezuelaLibre #RevoluciónBolivariana  Todos con Maduro 💪🇻🇪 https://t.co/uZqc3HJKPx
2007602739333988652,2026-01-03 23:59:27+00:00,danieljhs80,@elcoya1977 @SoyFeudaleM La risa de Tinelli es una ñoqui pagada por Maduro es demasiado obvio que de repente la infeliz es opinadora politica como te dijo @yanilatorre eres una ensobrada risa de tinelli
2007602739120091305,2026-01-03 23:59:27+00:00,Joseu144,Ya no habrá más memes de Maduro 😔 https://t.co/IrHQFqYqv5
2007602737207476556,2026-01-03 23:59:26+00:00,HombreHorrible_,@therealbuni Las chetas de palermo que se callaron 15 años saliendo a opinar de porque derrocar a Maduro está mal : https://t.co/JWtVVUTKkF
2007602734942580939,2026-01-03 23:59:26+00:00,luis_garci83329,@RevistaSemana @revista semana mientras que el pueblo venezolano en todo el mundo que están expulsados de su propio país por la dictadura de maduro una horda de desadaptados criminales colombianos apoyando La dictadura el asesinato el crimen la violación de maduro es para desadaptados
2007602733483008182,2026-01-03 23:59:25+00:00,SworldUrania,@soy_un_penalti @Anacarolinatz Y no es verdad??? El pueblo desarmado jamás hubiera podido sacar a maduro.
2007602732056928540,2026-01-03 23:59:25+00:00,lanonaencarnita,"@CalistoGiampiet Calisto quieres análisis? Maduro es un dictador genocida, Pero sacarlo era acción y operación de los venezolanos como ha pasado en las primaveras árabes, por otro lado, a ti nunca te escuché algo de crítica contra el Alm. Giampietri, aquel que admiraba al delincuente Alex Kouri"
2007602731104837938,2026-01-03 23:59:25+00:00,LightAsAgain,@inorskol @simiocesar7 Esos “boludos” son los mismos hijos de puta que bancan a maduro pero que por su círculo social no lo pueden decir. Siempre recurren a la sobre actuación de “intelectualidad” ante cualquier cosa buena y jamás emiten sonido ante las cosas malas.
2007602728210706675,2026-01-03 23:59:24+00:00,TheCriticOK,"Chavez y Maduro desaparecieron mas de 9 mil ciudadanos, se robaron 3 veces las elecciones, crearon una red narcoterrorista para financiarse ellos y establecer socialismo en toda la region. Eso NO PASO EN AUSTRALIA paso aca. Vos donde estabas agitando la bandera Latina entonces? https://t.co/r4dNhIREjS"
2007503268881244185,2026-01-03 17:24:11+00:00,PablaLunar,"El argumento de que si no sos venezolano no podes opinar de lo que acaba de pasar en Venezuela, esta perdiendo de vista que los paises se encuentran dentro de un contexto regional. Estados Unidos no solo bombardeo Venezuela, sino que Estados Unidos bombardeo America Latina"
2007602727686418911,2026-01-03 23:59:24+00:00,gordoavi0n,Los seals despertando a Maduro y Cilia Flores ayer: https://t.co/4uI6ohVlvL
2007602727644438752,2026-01-03 23:59:24+00:00,DollyCastr12492,"Desgraciado MENTIROSO, culpando a Colombia por lo que usted está contrabandeando, ojalá hubiese sido asi y que el presidente se lo hubiese quitado, por eso no hay que confiar en estás trafugas mentirosas, como no es di amiguito DUQUE, desgraciado que tristeza maldito sea MADURO"
2007218978553487561,2026-01-02 22:34:31+00:00,AlertaMundoNews,"🇻🇪🇨🇴 | Maduro acusó a Petro de ser el responsable del narcotráfico en la región:  ""Toda la cocaína que se mueve en esta región es producida en Colombia, pero no hay colaboración de su lado y Estados Unidos lo sabe..."" https://t.co/R3gKSjpeV9"
2007602726465851512,2026-01-03 23:59:24+00:00,MambucaX,@Ag_Monteverde Maduro pidio y Trump cumplio. Lo mando a buscar en Uber. https://t.co/Z2PxwLssoy
2007602726428147935,2026-01-03 23:59:24+00:00,mimiesquepuf,"@alvariteus La soberanía pertenece a las naciones, no a sus presidentes, que pueden ser ilegítimos. Trump no ha sacado a Maduro del país por eso, sino por supuesto narcotráfico...  Y se lo lleva a Nueva York, no a La Haya, donde no le espera nadie, al contrario que a Netanyahu"
2007602726193246525,2026-01-03 23:59:24+00:00,alfredopontones,"@cayetanaAT @POTUS @MariaCorinaYA @SecRubio Este aventado acto de piratería de Trump sólo puede ser celebrado por gente muy pero muy lerda. No defiendo a Maduro, lo aborrezco. Pero esto que ocurrió en la madrugada de hoy es grave, le da la razón a Putin y a otros sátrapas nefastos."
2007602726189101298,2026-01-03 23:59:24+00:00,VNZRPZ,"@LuisCarlos Por eso es que estamos como estamos por gente como tu, hay que respetarle los derechos humanos a Hitler, Mao, Noriega, Ceausescu, Stalin, Maduro, etc... Son dictadores, criminales, terroristas. Pierden sus derechos humanos al violar los de los demás."
2007602725178229236,2026-01-03 23:59:23+00:00,jjaramor,"@CNNEE Maduro es el títere, falta sacar a los titiriteros."
2007602723227931076,2026-01-03 23:59:23+00:00,Jrobertovilchis,@ladivaza Pues desde hace mucho los venecos hubieran derrocado a Maduro si no querían que otros países opinen.
2007602722506486067,2026-01-03 23:59:23+00:00,fafirafis,"@PresidenciaCuba @DiazCanelB Con eso seguro liberan a Maduro, bola d pendejos"
2007602721399197883,2026-01-03 23:59:22+00:00,Danyibb,@MundoEConflicto Verga lo que falta es que Maduro también financiara a Corea del Norte
2007602719805321418,2026-01-03 23:59:22+00:00,ArmandoMor51056,"@EVilluendasC @mae_rusia @EmbajadaVenRU @EVilluendasC Venezuela no está sola?  Me parece que si. Quienes le pueden hacer frente China, Rusia, Corea del Norte e Irán, así como el supuesto armamento ruso no entraron en acción. Da la impresión de que secuestraron fácilmente al Presidente Maduro."
2007602718698049812,2026-01-03 23:59:22+00:00,NoveoTVabierta,@SenadoresdelPAN @senadomexicano Trump amenaza que encerraran a Maduro en la misma celda en donde se encuentra este peligroso narcotraficante 🫢.  ¡Cuanta maldad! 😳 https://t.co/WDmmOHC6da
2007602718651957617,2026-01-03 23:59:22+00:00,Javier656643770,@indignadoxd Cristina Kichner tendría que estar alojada  en la celda lindera a la de  Maduro.
2007602718198902966,2026-01-03 23:59:22+00:00,Betocoralg,@MximoL3 Sin llorar por favor. En lo absoluto defiendo a Maduro. Está mi buscador para que se entere de lo mucho que he atacado. Me burlo de vos y de los que creen que el problema se acabó. Jajajajaja
2007602717418754456,2026-01-03 23:59:21+00:00,JotaPepeQu,"@lopezobrador_ Habló en que se ha cagado en México, aliado comunista de Maduro  Con la izquierda NI PARA SALUDAR"
2007602716915503433,2026-01-03 23:59:21+00:00,Kota_cast,"Sismo en mex, bombardeo en Venezuela, atrapan a maduro, vegetta se casa https://t.co/v6SW6bXUwy"
2007443575999467665,2026-01-03 13:26:59+00:00,Xiaroyt,Yo cuando entré a Twitter hoy: https://t.co/47A35XUaYY
2007602716500177351,2026-01-03 23:59:21+00:00,christuntway,@SenorCaicedo @IvanCepedaCast Difícil sin el financiamiento de maduro
2007602715883684319,2026-01-03 23:59:21+00:00,Johnx2R,"Jack Ryan - Season 2 Episodio 8 : chekeen como capturaron a Maduro, tal cual."
2007602715162222662,2026-01-03 23:59:21+00:00,VivarGerman,"@JoseMarioMX @epatriau El problema es Maduro, o no es cierto que él usó la ley del más fuerte durante todo su gobierno? Si Maduro no hubiera abusado de la fuerza bruta y hubiera aceptado su derrota en las elecciones, no habría lugar a disquisiciones filosóficas. 🤷🏻"
2007602714981871796,2026-01-03 23:59:21+00:00,88lamaga,De tan maduro se pudrió https://t.co/gEQb37lgVX
2007601796093730937,2026-01-03 23:55:42+00:00,abrilcba_,"Esta imagen es una de las más nefastas de la historia. Cristina condecorando a Maduro. Hoy estos dos delincuentes están presos. Ni olvido, ni perdón. https://t.co/HnXMn35iPJ"
2007602712968658962,2026-01-03 23:59:20+00:00,FabianAlexisRo3,@camila_vallejo Son basura ustedes y su zurderio defensor del dictador de maduro ojala sean los proximos
2007602712826003862,2026-01-03 23:59:20+00:00,Fortesqe,"@anxietyyw @alb_olmos Venga, vete con Maduro, soplapollas."
2007602711223804244,2026-01-03 23:59:20+00:00,codiguillos,"¿Cuando Maduro se robó las elecciones presidenciales, reprimió a un gentío, encarceló a inocentes y masacró a unos cuantos, qué hizo el Derecho Internacional al respecto?"
2007602710821134653,2026-01-03 23:59:20+00:00,Antiizquierdist,@brunoespejo90 Y aún la Corte IDH le chupa la Gapin a los defensores de Maduro.
2007602709583782073,2026-01-03 23:59:20+00:00,RiverRow1996,"@OKural @lucho186 @juanma_rguez Que soberanía ser de inframundo?! Si Maduro perdió las elecciones y no entregó el poder. Cuba no ha tenido elecciones en más de 67 años! Sabes quienes construyeron esas petroleras que hicieron grande a Venezuela antes de Chávez? Inversiones extranjeras, y llegaron a destruirlo."
2007602708786880575,2026-01-03 23:59:19+00:00,FotoVenezolano,@arielviano @pichuzelaya dónde estabas cuando maduro asesino Venezolanos? Dónde estabas cuando Chávez dió el golpe de estado? Hipocritas
2007602707423736232,2026-01-03 23:59:19+00:00,LaNeoDerecha,"@Jojadsf @adornibord Es una cuestión de ADN, la misma convicción que tuvieron Chávez y Maduro para hablar incoherencias la tienen estos ""ingenieros"" y ""jueces"" que vienen a manejar un pedidos ya."
2007602705737437563,2026-01-03 23:59:19+00:00,ElPeriodico_Esp,Las imágenes de Nicolás Maduro bajando del avión en Nueva York https://t.co/aBDw4IhOSF
2007602703359418484,2026-01-03 23:59:18+00:00,WillyCruzh,"@CristhianJ30 ¿Maduro respetó la autodeterminación de Venezuela? El gobierno de RD considera Ilegitimo al gobierno de Maduro. Si ese régimen no respetó la autodeterminación de Venezuela, entonces tampoco merece ser respetado."
2007602700935131304,2026-01-03 23:59:18+00:00,oscarglenn,"Así el apoyo del Presidente Francés Emmanuel Macron a la detención de Nicolás Maduro  “El pueblo venezolano ahora está libre de la dictadura de Nicolás Maduro y sólo puede alegrarse.  Al tomar el poder y pisotear las libertades fundamentales, Nicolás Maduro ha socavado gravemente la dignidad de su propio pueblo.  La próxima transición debe ser pacífica, democrática y respetuosa de la voluntad del pueblo venezolano. Esperamos que el presidente Edmundo González Urrutia, elegido en 2024, pueda asegurar esta transición lo más pronto posible.  Actualmente estoy en conversaciones con nuestros socios en la región.  Francia está totalmente movilizada y vigilante, especialmente para garantizar la seguridad de sus ciudadanos en estos tiempos de incertidumbre.”"
2007520035766509829,2026-01-03 18:30:49+00:00,EmmanuelMacron,"Le peuple vénézuélien est aujourd’hui débarrassé de la dictature de Nicolás Maduro et ne peut que s’en réjouir.       En confisquant le pouvoir et en piétinant les libertés fondamentales, Nicolás Maduro a porté une atteinte grave à la dignité de son propre peuple.  La transition à venir doit être pacifique, démocratique et respectueuse de la volonté du peuple vénézuélien. Nous souhaitons que le Président Edmundo González Urrutia, élu en 2024, puisse assurer au plus vite cette transition.  Je m’entretiens en ce moment avec nos partenaires de la région.  La France est pleinement mobilisée et vigilante, notamment pour assurer la sécurité de ses ressortissants en ces heures d’incertitude."
2007602699236429902,2026-01-03 23:59:17+00:00,EmilioSuar63187,"@jordievole Porque a tí, lo que piensen los venezolanos, que están celebrando la caída de Maduro por todas las ciudades en mundo, te importa poco."
2007602698909372919,2026-01-03 23:59:17+00:00,JulioFP83,"@LuisaGonzalezEc Si debe de caer que se haga, así como su amigo jefe Rafael Correa asesoraba a Maduro, también debe ir preso por narcotrafico."
2007602695314780446,2026-01-03 23:59:16+00:00,MariaIs36577331,"@sanchezcastejon Eras  financiado por Maduro, al igual que Zapatero, Pablo Iglesias y Podemos, que fue creado financieramente por Chavez. Eres lo peor de España."
2007602694572388492,2026-01-03 23:59:16+00:00,KeiKeiPR1,@VVperiodistas_ @Moluskein @NoticentroWAPA Pero porque no se van? Ya arrestaron a maduro. Ya son libres.
2007602694303953196,2026-01-03 23:59:16+00:00,0xdfs,@biotecnoblog No lo defiendo pero a cuantos paises invadió Maduro?
2007602690478747668,2026-01-03 23:59:15+00:00,Court1066408,"US conducts airstrikes on Venezuela’s capital, Maduro declares national emergency https://t.co/tarzIKMuwh"
2007602689262104950,2026-01-03 23:59:15+00:00,grok,"Delcy Rodríguez es una política venezolana, abogada y diplomática. Ha sido vicepresidenta ejecutiva de Venezuela desde 2018 y ministra de varios cargos. Tras la captura de Nicolás Maduro por EE.UU. el 3 de enero de 2026, asumió poderes presidenciales interinos según la Constitución, pero ella afirma que Maduro sigue siendo el único presidente y rechaza la intervención estadounidense. Fuentes: Wikipedia, NYT."
2007602688641597569,2026-01-03 23:59:15+00:00,aziel_21,"@KokoroMiss No, con abrazos seguro Maduro hubiera dejado el poder."
2007602687626682561,2026-01-03 23:59:14+00:00,Caracol_Cali,"#Maduro | En una multitudinaria concentración en el tradicional #BulevardelRío, cantaron y bailaron por su “caída” https://t.co/eErxFRWgfl"
2007602686485770358,2026-01-03 23:59:14+00:00,mw33tigre,"@pistachon_ @ArrepentidosLLA Que bueno lo de Maduro!! Una consulta, cuando asume Corina Machado la presidencia de Venezuela!!"
2007602685864767937,2026-01-03 23:59:14+00:00,DudeBNY,Nicolas Maduro esta en NYC   pasara la noche en el edificio federal the Manhattan 1 Federal Plaza para luego ser procesado y poner ante un jury  federal que lo jusgara por narcotrafico y terrorismo. Trump sequira su programa de derrocar la oposicion y tomar control del petroleo https://t.co/3EGAm13BSY
2007602685659492652,2026-01-03 23:59:14+00:00,nohay_banda,@nataliavolosin @MrsTechodeChapa Maduro es el que no oyó hablar de eso. Como pensabas sacarlo? Anda como amigos vete de la ciudad? https://t.co/Fkv2o8J1lE
2007602685181403627,2026-01-03 23:59:14+00:00,bicho_1980,Pero si EEUU es patrocinador de un genocidio en Palestina que hace lo mismo. Que te hace pensar que ellos son mejor que Maduro y el chavismo que viola DDHH?!
2007572756590711013,2026-01-03 22:00:18+00:00,LuisCarlos,"Sobre la foto de Maduro siendo trasladado con los ojos vendados es importante decir algo desde la perspectiva de derechos humanos:  Vendar los ojos no es una medida normal ni aceptable. No se considera legítima y puede constituir tratos crueles.  Explico por qué: El uso de capuchas y vendas no responde a una necesidad legítima de seguridad y además es parte de patones de intimidación y control psicológico de personas detenidas. Ese estándar lo ha establecido la CIDH y otros organismos de derechos humanos. Se pudiese pensar en una excepción legítima en casos sumamente limitados como la protección de corta duración contra deslumbramiento extrema o una emergencia, pero debe ser algo puntual, breve, justificado y documentado. Necesitamos más evidencias para decir si lo ocurrido es así o no.  Vendar los ojos en esos casos debería hacerse sin generar angustia, ni incomunicación y ni desorientación prolongada. Pero eso es difícil de medir.  Los mecanismos de derechos humanos no aceptan estas justificaciones porque podrían existir medidas menos lesivas para trasladar detenidos como el uso de gafas comunes en caso de riesgos ante aires fuertes o deslumbramientos (si saben el modelo de las utilizadas por Maduro podríamos ahondar en esto), se puede pensar en asientos separados para tener a alguien bajo control y buscar otras medidas que no desorienten al individuo.  Voy a más: El vendaje de ojos como violación de la integridad personal, empeora cuando la persona detenida además está esposada, es obligada al silencio forzado, recibe amenazas, vive traslados nocturnos o es llevada en vehículos no identificados. En esos casos el derecho internacional lo puede calificar como trato cruel, tortura psicológica y también podrían ser elementos que conforman la desaparición forzada, otro crimen grave. Esto se los puedo compartir de primera mano porque fui víctima de todas esas prácticas, son horrorosas y nadie debería pasar por ellas. Por eso hago la advertencia.  Las excepciones para que sea considerado necesario algo así son muy limitadas y casi no pasan los estándares de evaluación. Es una práctica que no es neutral y se ha reclamado en miles de casos ocurridos en la región.  Esperemos que tanto Maduro como cualquier otro presunto perpetrador que sea detenido y deba afrontar la justicia, cuenten con el debido proceso que le han negado sistemáticamente a miles de personas en Venezuela. Como imagen, claro que es impactante, pero los impactos también pueden ser revisados de esta forma para saber qué es correcto y qué no según estándares. Al menos ese puede ser un aporte desde el enfoque de derechos humanos que para nada se interpone a que haya justicia, que es lo que necesitamos todos."
2007602685034348911,2026-01-03 23:59:14+00:00,grok,"@AntoniaKilombo @SilvanaGiudici La captura de Maduro es reciente y confirmada por fuentes como CNN y Reuters. La situación en Venezuela sigue inestable, con un gobierno interino y tensiones. La reconstrucción tomará tiempo; muchos esperarán estabilidad antes de regresar."
2007602683973382509,2026-01-03 23:59:13+00:00,ProgreLagrimas,"@eldiarioes Contra Venezuela no, contra el DICTADOR NARCOTERRORISTA Maduro. Lo Diario y sus titulares manipuladores..."
2007602683826544943,2026-01-03 23:59:13+00:00,AcidoPuma,"@codiguillos Hermano Venezolano, le vendieron el alma al diablo porque ni tu presidente, ni tu vicepresidenta (que ya fue descartada por Trump) fueron capaces de derrocar al dicataro Maduro. Reemplazaron a un loco de pacotilla por un psicópata internacional que solo quiere tu petróleo."
2007602683679768847,2026-01-03 23:59:13+00:00,Its_LoreM,"@APompliano @NYCMayor Pues como ya arrestaron a Maduro, ya ustedes pueden volver a Venezuela y no tienen que ""sufrir"" una alcaldía de Mamdani. Pueden ir a recuperar su país."
2007602680026542269,2026-01-03 23:59:13+00:00,N244Vivi,@anon_ross @rataneda Creo que aun no entiendes el punto. No se esta apoyando a Maduro si no diciendo que hay chance de que las cosas empeoren porque la historia siempre nos ha enseñado de que Estados Unidos empeoran cada pais que invaden o cada pais donde se saca al dictador.
2007602678768222209,2026-01-03 23:59:12+00:00,ScorpionBlack15,"@andres20ad Sencillo, eso pasará cuando usted nos explique como un dictador como Maduro se dice demócrata y se roba las elecciones, secuestra a quien vaya en su contra y se jode en carajitos menores de edad? Nos explica por favor?"
2007602677740613940,2026-01-03 23:59:12+00:00,Andresgarciap1,"@capTercio Vean la foto completa, parece que maduro tiene problemas de próstata"
2007602676562047487,2026-01-03 23:59:12+00:00,franklinmx,"Ignorante!!!!!!!  EEUU no está subscrito al Estatuto de Roma el cual fundo a la CPI, por lo tanto no está sujeto a su jurisdicción.  Nicolás Maduro está solicitado ante la justicia de EEUU en calidad de imputado por delitos de Narcotráfico a gran escala y eso solo es un arresto."
2007415062588494131,2026-01-03 11:33:41+00:00,EnriqueSantiago,Trump ha secuestrado a un jefe de Estado en ejercicio y lo ha tomado como rehén.  👉🏼 Es un crimen de guerra y un delito previsto en el Estatuto de la Corte Penal Internacional.  ⚖️ Maduro tiene inmunidad como jefe de Estado y los tribunales de EEUU deben respetarla.
2007602674741719518,2026-01-03 23:59:11+00:00,miguel_bj,"Zurdo: Milei, basura vos sos la dictadura Gente con 2 dedos de frente: No es tan así, estás desvariando Hablando de dictadura, metieron en cana al dictador Maduro Zurdo: dictador? Vos si que estás mal. Y así sucesivamente  Hay dictaduras y dictaduras para esta subespecie"
2007602673789641153,2026-01-03 23:59:11+00:00,Eliote87,"@JMilei No podés hablar de libertad cuando un país viola todo derecho internacional habido y por haber para intervenir en la soberanía de otro pueblo, lamebotas de Trump! Esto no quita que Maduro sea un dictador y tenga que ser ajusticiado. Cínico"
2007602673181204726,2026-01-03 23:59:11+00:00,PluralSv,"#ElMundoHoy | La expresidenta de la Cámara de Representantes, de Estados Unidos, Nancy Pelosi, tilda de ""hipócrita"" la afirmación de Donald Trump de capturar a Nicolás Maduro por narcotráfico."
2007602671654735977,2026-01-03 23:59:11+00:00,GShooter786,"@wallanderviking No es lo mismo, entrar en venezuela y sacar a patadas a maduro, que anexionar dos paises mas grandes, trump eso no lo va a conseguir"
2007602671411495343,2026-01-03 23:59:10+00:00,dandressilva01,"El mayor logro de la operación contra Maduro en Caracas es que ningún civil salió herido ni fue dado de baja.  Fue tan bien ejecutada la misión que desenmascaró a la izquierda, quienes andan llorando por un dictador y no por la libertad y autonomía del pueblo venezolano."
2007602670148935877,2026-01-03 23:59:10+00:00,malvin1208,@AlanBarrosoA Pero vete a USA y saluda a maduro
2007602668919988339,2026-01-03 23:59:10+00:00,itsukiverse,"@dasousaf van a dejar de ser oprimidos por el hdp de maduro para pasar a ser oprimidos por los hdp de eeuu... Ese es el problema. Ellos no salvan a nadie desinteresadamente porque son buenitos, siempre hay un trasfondo y eso es lo q se esta tratando de hacer ver."
2007602667175211387,2026-01-03 23:59:09+00:00,tunota_com,"🔴#EstáPasando| 🗣️🇻🇪 El periodista venezolano, @LuisCarlos, señaló lo que sucede actualmente en Venezuela, luego de la captura de Nicolás Maduro. https://t.co/gS1svxGNZd"
2007602666005053585,2026-01-03 23:59:09+00:00,LuisFue97695982,@_VicenteSerrano @lopezobrador_ ¿Y? Con eso liberaron a Maduro o qué??? https://t.co/KlvwAEF3Pc
2007602665203900675,2026-01-03 23:59:09+00:00,GariRiftandLaw,"@alemartinezcan Yo me preocupo por lo que realmente Trump le pueda llegar a hacer a Venezuela y a su economía ya que la va gobernar a su antojo en lo que dias siguientes saca a miembros del gabinete y de las fuerzas de Maduro del poder, además de la puerta a invasiones que abre el hacer esto"
2007602665052876906,2026-01-03 23:59:09+00:00,wilman_86,@yoyotutus Le echaron mano a Maduro y por poco le echan mano a @Vilipendiad0 😤😤
2007602665044488530,2026-01-03 23:59:09+00:00,lyonrg1_,En algún punto del discurso de Trump mencionó el plan para erradicar el n4rc0 ahora que capturó a Maduro?
2007602662880227473,2026-01-03 23:59:08+00:00,Normadelsocorro,"@ELTIEMPO Así hay muchos que creen en Dios y apoyando la injusticia, son ciegos sin respaldo de Dios, así hay muchos acá en Colombia que apoyan a un hombre igual a maduro con las mismas ideas, terroristas."
2007602662553071956,2026-01-03 23:59:08+00:00,soyRoSoledad,Y NELSON CASTRO DICE Q BOLUDO MADURO QUE NO ACEPTO LAS AMENAZAS DE TRUMP
2007602660200067591,2026-01-03 23:59:08+00:00,AnyeloMinier,@CoralTeresa Seguro eso hará que suelten a maduro 🤣🤣🤣🤣🤣
2007602659973574873,2026-01-03 23:59:08+00:00,lareinafracaso,"perdón que les pinche el globo, pero lo único que les importa a ellos es hacer ganancias con las riquezas del país, sea el petróleo o demás, no les interesa si estaba mal o bien el país con Maduro. Posta me da impotencia ver gente festejar esto, festejan el hecho que un pais +"
2007602657507324086,2026-01-03 23:59:07+00:00,Beto_luque1968,"@MarioHurtadoRM Maduro en la cárcel por dictador, pero qué Trump ha actuado por el interés por el petróleo de Venezuela está más claro que el agua. https://t.co/u7htJQMw3y"
2007602657050145169,2026-01-03 23:59:07+00:00,WashingtonRoge8,"@GabrielMRamoss A Maduro no se le defiende ,pero sabes que va a pasar con Venezuela ,el hdp de Trump lo va a saquear y lo va a dejar seco como a tantos países ,Irak por ejemplo."
2007602655842185541,2026-01-03 23:59:07+00:00,fcosobr,@jrsestaca No salió para dar el pésame a las 13 familias de las muertes por su trenecito pero que tal por Maduro!!
2007602654743277701,2026-01-03 23:59:07+00:00,jusa1974,"@elduckpost coño de pana, no entiendo porque maduro no invoco los poderes de SUPER BIG - otes... al estilo de los vengadores"
2007602652981706873,2026-01-03 23:59:06+00:00,SenorCaicedo,"Ortega lleva más tiempo que Maduro, solo que en Nicaragua no hay petróleo."
2007581316309745673,2026-01-03 22:34:19+00:00,AlertaMundoNews,🇳🇮🇻🇪🇺🇸 | Nicaragua exige a EE.UU la liberación de Nicolás Maduro. https://t.co/jtBYRLcFEn
2007602651945718109,2026-01-03 23:59:06+00:00,RockyBostero12,Festejos en el Obelisco de Buenos Aires por la caída de Nicolás Maduro como dictador de Venezuela.  Hoy la gente festeja que se liberaron del tirano que los obligó al exilio #Venezuela #NicolasMaduro #VenezuelaLibre #madurocaptured https://t.co/Zz9diJYN5P
2007602651845087339,2026-01-03 23:59:06+00:00,shuranisaur,@adrianatudelag Que tiene que ver que alguien apoye o no la tiranía de Maduro con que EEUU invada el país y declare que lo administrará hasta que le parezca adecuado
2007602651689873677,2026-01-03 23:59:06+00:00,CGrenade38716,"@tinchonegriazul Sin intervención militar, no se va a terminar con la dictadura de Maduro y sus secuaces. El pueblo Venezolano está desarmado y empobrecido  Es un paso logico e inevitable.  Hay que desarmar el aparato militar de la dictadura de Maduro  El pueblo no está en condiciones de hacerlo."
2007602651161342058,2026-01-03 23:59:06+00:00,1001historiasTV,"Lo ultimo de Maduro, Venezuela y Estados Unidos. https://t.co/BaVoQnSnSD"
2007602650863501688,2026-01-03 23:59:06+00:00,Claudia21703788,@Udelaruy Viva la libertad carajoooooo Maduro preso. Dictador fuera de Venezuela https://t.co/WHbecoZVYS
2007602650771321338,2026-01-03 23:59:06+00:00,TaiboRosana,"@VictorG36505184 @JMilei SOS venezolano, que bueno, ya se fue maduro, me alegra muchísimo, ya podés volverte a tu país💪🏻, no hay nada más lindo que ver como bombardean tu patria no?  no me extraña que apoyes a este psicópata hdmp."
2007602650095960258,2026-01-03 23:59:05+00:00,FulbitoX14,@AlinaDuarte_ @MariaCorinaYA @NachoRgz Otra payasa hija de puta que apoyaba el fraude electoral y regimen tirano de maduro
2007602647428407781,2026-01-03 23:59:05+00:00,BValdes97,@karlesaavedra Pero Delcy pide el retorno de Maduro. No se entiende.  Parece que Trump no quiere un boots on the ground que implique confrontación real si no un ingreso más tranquilo y consensuado.
2007602646967099738,2026-01-03 23:59:05+00:00,NTN24,"""Yo creo que nos ahorramos 50 millones de dólares"": representante Carlos Giménez al ser cuestionado sobre la recompensa que existía por información que permitiera la captura de Nicolás Maduro. https://t.co/CXyaotiWqb https://t.co/a7Mb646mAv"
2007602646757323015,2026-01-03 23:59:05+00:00,jacksuperstar,"@fiorellalucca exacto, mi Fio. NO ENTIENDO! además La Delcy necia que exigen el retorno de Maduro. ESTO APENAS COMIENZA!"
2007602646040146152,2026-01-03 23:59:04+00:00,wpf513,@AlertaMundoNews Lo importante es que maduro delate a sus complices y la plata que se recupere se le Entregue a los venezolanos.
2007602645234790564,2026-01-03 23:59:04+00:00,Michelle13Green,Maduro es líder de un cartel de drogas NO presidente
2007538290212413672,2026-01-03 19:43:21+00:00,ElNecio_Cuba,"Te puedo caer mal o bien Maduro, pero siendo el presidente más asediado del mundo, nunca traicionó, nunca huyó, nunca entregó su cargo, ni faltó a su juramento: juró con su vida defender la soberanía de su país y está secuestrado por esa causa.  MADURO ES UN HÉROE UNIVERSAL 🇻🇪 https://t.co/3sJFYKbGYi"
2007602644500484412,2026-01-03 23:59:04+00:00,mfan_gc,"EE UU confirma oficialmente haber ataca 7 ubicaciones militares en Venezuela, y declara a Nicolás Maduro ""bajo arresto"" para ser sometido a juicio en suelo estadounidense:  Estados Unidos acusa a Nicolás Maduro de narcoterrorismo, conspiración para traficar e importar cocaína a EE. UU., crimen organizado transnacional y uso de armas de guerra.  La acusación sostiene que habría utilizado el aparato del Estado venezolano -fuerzas armadas, aeropuertos, puertos y servicios de inteligencia- para facilitar envíos masivos de droga con destino final en territorio estadounidense, en coordinación con grupos como las FARC.  El Departamento de Justicia de Estados Unidos lo señala además como líder del “Cartel de los Soles” y enfrenta cadena perpetua (y, en algunos cargos, a penas mínimas obligatorias muy elevadas por narcoterrorismo y tráfico internacional).  EE.UU. afirma que lo tratará penalmente como jefe de una organización criminal, no como un dirigente político."
2007602642537906292,2026-01-03 23:59:04+00:00,JR01001101,"@rapaccious ""Pollo"" Carvajal, Luigi Mangione, Puff Diddy, El Mayo Zambada, El Chapo, Puff Diddy y Nicolás Maduro en el MDC de Brooklyn"
2007602641103409589,2026-01-03 23:59:03+00:00,MegaOchoa2011,"Bueno, ya tiene a Nicolás Maduro en USA, que es a quien quiso capturar, pues ya lo tiene, ahora Que deje en paz al pueblo venezolano.%!(EXTRA string=El Rincón del Geek) https://t.co/mnycZqvfLF"
2007602639970939279,2026-01-03 23:59:03+00:00,josucre,Estos misileros en vez de estar defendiendo a Maduro el 3 de enero 2026. Pareciera que estaban de farra a las 2 de la mañana en el Grito del Carnaval.
2007488120535515159,2026-01-03 16:23:59+00:00,Argenpoirot,Los que tenían que derribar los helicópteros que capturaron a Nicolás Maduro: https://t.co/pXOTepX75r
2007602639836741993,2026-01-03 23:59:03+00:00,carolina44479,@camila_vallejo por qué cuando maduro vulnero la democracia no hicieron lo mismo?
2007602636107984983,2026-01-03 23:59:02+00:00,SinLinea_Mx,¡No se dobla! ☝🏻  🔴 #DelcyRodríguez llamó a los venezolanos a resguardar su soberanía y defender la independencia nacional 🚨🇻🇪  https://t.co/0DunZqfSvD
2007602635264930071,2026-01-03 23:59:02+00:00,robertosilvae,"@AlertaNews24 Normal que los perdedores corruptos e intervencionistas internacionales en América Latina, a través del régimen narco terrorista de Venezuela, condenen la caída de Maduro."
2007602634958745828,2026-01-03 23:59:02+00:00,Encabronado8,"@muerte_dr Con Chavez aún vivo, un chaval hispano venezolano me dijo que el heredero del cargo de presidente sería Maduro, pero que el auténtico poder lo detentaria Cabello y sus secuaces. Trump se lleva sl hombre de paja"
2007602634627437029,2026-01-03 23:59:02+00:00,franklinmx,"@EnriqueSantiago Ignorante!!!!!!!  EEUU no está subscrito al Estatuto de Roma el cual fundo a la CPI, por lo tanto no está sujeto a su jurisdicción.  Nicolás Maduro está solicitado ante la justicia de EEUU en calidad de imputado por delitos de Narcotráfico a gran escala y eso solo es un arresto."
2007602634577064137,2026-01-03 23:59:02+00:00,Semphiol,"@Dpitarch4 @Oraculo7777 @infovlogger36 Maduro violo los derechos internacionales y aqui estas defendiendolo, eres un asco  Que se quejen todos los hipocritas como tu que no han hecho, ni iban a hacer nada para que esto sucediera  26 años y solo lloras porque eeuu no es una puta de ustedes"
2007602632807067814,2026-01-03 23:59:01+00:00,asdfghjkl24367,@kuzmlive @03690jul Según esa lógica Franco contó con un gran apoyo popular porque murió en la cama.   El Estado lo controla quien controla el ejercito. Si no no existirían las dictaduras.      Por no hablar del apoyo que recibía Maduro de fuera de Venezuela.
2007602630776983631,2026-01-03 23:59:01+00:00,everstrongever,El Heredero defendiendo al genocida Maduro.  Es que son de la misma calaña.
2007486195916562524,2026-01-03 16:16:21+00:00,RTVCnoticias,"🗣️ “El momento en que Estados Unidos decidió invadir Panamá llevarse de forma similar a Noriega, es diferente al continente de hoy. Hemos elegido gobiernos democráticamente y que se han desarrollado protestas formidables. No estamos en el viejo oeste, en donde se le ponía una recompensa a un forajido. Las cosas aquí han cambiado y eso significa que repercutirá en la región y en el mundo” señala el candidato, @IvanCepedaCast, sobre la transformación del continente en sus procesos electorales ante la violación del derecho internacional humanitario y la carta de las Naciones Unidas tras el bombardeo a Caracas.  🔴En vivo 👉🏻https://t.co/LuEiLPOsyX 📲"
2007602628705005686,2026-01-03 23:59:00+00:00,IsaacGHT,@milica_yb @grok make her nicolas maduro
2007602627673239947,2026-01-03 23:59:00+00:00,jfsuescun,"@ELTIEMPO Jajajaja  ""Más perdido que un madurista en Caracas pidiendo que 'devuelvan' a Nicolás Maduro el mismo día que lo capturaron"""
2007602627673239944,2026-01-03 23:59:00+00:00,Roncohe54918265,"Trump: Nicolás Maduro‘s VP Delcy Rodríguez Spoke to Rubio, Willing to ‘Make Venezuela Great Again‘ https://t.co/pcGdFO7K5Y via @BreitbartNews"
2007602627350302895,2026-01-03 23:59:00+00:00,Zaarzuuu_,Va a haber flotilla para rescatar a Maduro???
2007602627136368745,2026-01-03 23:59:00+00:00,DubiniGraff,Creo que Nike no quiere que sepan que ese fue el conjunto con el que atraparon a Maduro.
2007582484662235239,2026-01-03 22:38:58+00:00,DescuentosRata,🥋 Pantalón deportivo Nike Tech Fleece (para hombre) bajó a $84.990 en Nike Chile.  🔗 https://t.co/lhg6oLOv0X https://t.co/Kwdncq7anV
2007602626439881129,2026-01-03 23:59:00+00:00,DiarioTalCual,El presidente Emmanuel Macron manifestó el apoyo de Francia a una «transición pacífica» y democrática en Venezuela tras la captura de Nicolás Maduro #TalCual #ClaroyRaspao  Web: https://t.co/ALSE0728AS
2007602625613836412,2026-01-03 23:59:00+00:00,mahelet_mazzeo,🚨 ¡ALERTA NACIONAL! Venezuela exige la liberación del presidente Maduro. La FANB está activada. El pueblo está en la calle. ¡Comparte antes de que lo borren!    #MaduroPresidente #DelcyRodríguez https://t.co/HmyqNmpuF8
2007602624733032806,2026-01-03 23:58:59+00:00,juanant77417197,@elonmusk Sacos de mierda dictadores mas  que maduro
2007602624468791802,2026-01-03 23:58:59+00:00,Gerardo34371560,"@El_Universal_Mx Está cagando del miedo de lo que vaya a cantar el pajarito maduro, tiene que preparar la escena del complo"
2007602624288223342,2026-01-03 23:58:59+00:00,ENippur,"Ahí lo tenés al otro fascista   El presidente francés Emmanuel Macron.  El pueblo venezolano está hoy libre de la dictadura de Nicolás Maduro y solo puede alegrarse de ello.  Al tomar el poder y pisotear las libertades fundamentales, Nicolás Maduro ha asestado un duro golpe a la dignidad de su propio pueblo.  La transición que se avecina debe ser pacífica, democrática y respetuosa de la voluntad del pueblo venezolano.  Esperamos que el presidente Edmundo González Urrutia, elegido en 2024, pueda asegurar esta transición lo más rápido posible.  Actualmente me estoy reuniendo con nuestros socios regionales.  Francia está totalmente movilizada y vigilante, particularmente para garantizar la seguridad de sus nacionales durante estas horas de incertidumbre."
2007602624137470094,2026-01-03 23:58:59+00:00,SrHombre,"@GuzzLightyearSC @VeroTeigeiro Pero no volteó nada, el argumento que le di es que lo de maduro es legal y verito solo pudo poner medio articulo sin nada específico sobre porque podría haber sido ilegal.  Pero es mejor que vero responda sus propios tuids y no su novio que se esconde tras Buzz Lightyear."
2007602623801897304,2026-01-03 23:58:59+00:00,AndresF28957422,"@Danielmunozgo1 🤣🤣🤣Mucho pelele. Pasará lo mismo que a Maduro. Nadie lo defendió 🤣🤣. Así como es él hipócrita y desleal, así mismo le pagarán los ineptos e incompetentes que están alrededor del megalomano 🤡🤡"
2007602622757269908,2026-01-03 23:58:59+00:00,alemolinatv,"Hace algunos minutos se dio a conocer que Nicolás Maduro llega a Nueva York tras los ataques de Estados Unidos, ocurridos durante la madrugada de este sábado.  Nicolás Maduro será trasladado a una cárcel federal en Brooklyn.  Tras aterrizar en NY, será llevado en helicóptero al Westside Heliport y luego a la sede de la DEA en Manhattan para su procesamiento.   Posteriormente será ingresado al Metropolitan Detention Center (MDC), donde permanecerá antes de enfrentar cargos por narcotráfico y armas en una corte federal la próxima semana.  #Venezuela #Maduro"
2007602622518476947,2026-01-03 23:58:59+00:00,sopatro,"@Christi45104278 @AdrianaVeterin Maduro tiene mucho que contar del guerrillero,esperemos su  bel canto, ante la justicia estadounidense."
2007602620488397037,2026-01-03 23:58:58+00:00,marcevalenciar,"Cuando no se acatan los resultados de las elecciones democráticas, cuando se aferran al poder, por supuesto que se vuelven dictadores. Maduro ha debido irse hace rato. Ahora se fue, no de la manera en que uno esperaba. Jamás apoyaré una invasión a un país y menos latinoamericano."
2007602620207436227,2026-01-03 23:58:58+00:00,Sombreronegro83,"@PonchoGutz No hay mal que dure 100 años ni cabrón que lo aguante, nunca te vi en Venezuela a defender a maduro pinche Poncho, vamos a darle tiempo al tiempo y verás quién era el c*****, cuando veas las barbas de tu vecino cortar....."
2007602620186378734,2026-01-03 23:58:58+00:00,playerodePR,¿Quién tiene más chances de salir inocente? Maduro o Luigi??
2007602619691200731,2026-01-03 23:58:58+00:00,Lamechaporsiem2,Ya lo se maduro me sabe a cacho  😣😣😣
2007602617850183955,2026-01-03 23:58:58+00:00,milenagimon,"@tiburoncanibal Hace 20 años no tenemos recursos porque se los roban Maduro y los chavistas. El pais está secuestrado por delncuentes, y uno de ellos fue preso hoy. Saludos. Que seas feliz apoyando a narcos. Yo estoy feliz con uno menos en la calle"
2007602614830305437,2026-01-03 23:58:57+00:00,rodrigoribero,"@Yaya_blondie Yaya, y por ahí hay un petrista, maltratador de mujeres, mentiroso, profanando la gorra oficial del #BuqueEsculeaGloria de la @ArmadaColombia, y diciendo que lo dicho por #Trump sobre la captura del narcodictador #Maduro, es falso. ."
2007602614238908604,2026-01-03 23:58:57+00:00,wladimirvasquez,"Free Venezuela, Fuck Maduro 🇻🇪✨🍾🥂 https://t.co/WCj5i1OVn0"
2007602614003986646,2026-01-03 23:58:57+00:00,ikurqoi,"@yutasexoo sii tenemos q prepararnos pq según habrá otro bombardeo y probablemente sea pronto, igl por lo menos detuvieron a maduro pero todavía falta ver q va a pasar ahora entonces pues por ahí va tengo fe d q todo estará y saldrá bien, muchas gracias andy un abrazote :3"
2007602613613900106,2026-01-03 23:58:57+00:00,AyelenVargaas,"@HatomTottem @SoyFeudaleM si te pones en contra de Maduro en este momento estás defendiendo la invasión, no es tan difícil  Maduro no es una carmelita descalza pero creer que la solución es que EEUU se adueñe de Venezuela es mucho peor"
2007602613546823993,2026-01-03 23:58:57+00:00,aliasandro_g,@AdolfoUmpierrez Lo querías seguir dejando a Maduro?? Kajajajaj q puede saber de lo q pasa acá
2007602613467132161,2026-01-03 23:58:57+00:00,patriotq777,Maduro Indictment 💥 💥 💥 💥 💥
2007583551953482229,2026-01-03 22:43:12+00:00,TaylorTracie76,"The Maduro Indictment   I didn’t want to react to headlines, so I read the indictment myself.  I wrote a steady, plain breakdown of what’s actually alleged and why it matters. If you want to understand it without being pushed, it’s here: https://t.co/J93l8q828X"
2007602622057066737,2026-01-03 23:58:59+00:00,ASTURIAS_RADI0,Cayó #MADURO https://t.co/BwfVAViHhW
2007602611432853987,2026-01-03 23:58:56+00:00,fer28315808,"@mateoteleSUR @teleSURtv anda a hablar con los.venezolanos q viven aca, escapando del regimen, y pediles q te ayuden apintar esos muros, y despues me contas. Usds saben mas de venezuela q ellos. Muchos se fueron por ser reprimidos por maduro por pintar muros tbn. Sos un incoherente total"
2007602608132018184,2026-01-03 23:58:55+00:00,RemyMartinezC,Una gran diversidad de posicionamientos de Jefes de Estados. Quizá lo más recurrente es la falta de legitimidad democrática del regimen del hoy arrestado Maduro.  Tener un sistema democrático funcional es quizá una de las mejores formas de defender la soberania.
2007602608014524844,2026-01-03 23:58:55+00:00,hinesita310868,@tatimasmela @DavidPorrasP Mmm ahora todo tiene sentido su defensa hacia Maduro. Se le acaban las gollerias.
2007602607007920378,2026-01-03 23:58:55+00:00,esc44814,@tomasuribeEco De acuerdo cuando vengan por los socios de maduro seremos Felices
2007602606215242011,2026-01-03 23:58:55+00:00,MartinSr2407,"@uroz_susan59845 @Albertopugilat Maduro es otro judío ✡️🔻 igual que Trump ✡️🔻, es más de lo mismo. 😑🤦🏻‍♂️"
2007602606068379877,2026-01-03 23:58:55+00:00,carolasjostrand,@Danyibb @rampacuatro Diosdi es tan malo y sádico que capaz fué quien vendió a Maduro. El tipo es un experto en negociación.. Fíjate q hasta los mismos cubanos le tenían su reserva.
2007602603602194705,2026-01-03 23:58:54+00:00,elgorilamotero,@AleCiroAlvarez A la carcel con Maduro. Poco a poco caerán todos! Aquí en España Podemos y el PSOE
2007602603413143568,2026-01-03 23:58:54+00:00,Le_Natilla,03/01/2026 captura de Maduro 🙂 https://t.co/c6oBT2bkCU
2007602603329228902,2026-01-03 23:58:54+00:00,resistenci48314,"@LuisitoPSUV4F Mira ño patuleco, tu como que no has entendido que ya perdieron? Que les pasaron el webo por la nariz a la infame fanb, que posiblemente maduro fue negociado por los Rodriguez,  cabello y padrino? O por que crees que el sistema de alerta temprana no funcionó?"
2007602602943602702,2026-01-03 23:58:54+00:00,egbibi,Mis idiotas favoritos de hoy son los que reconocen que Maduro era un usurpador sangriento pero no les gusta la intervención.
2007602601400098932,2026-01-03 23:58:54+00:00,economista_tico,@barvak @jccastrog Le duró más el dolor de la picada del alacrán a @jccastrog que pasar a Maduro de Venezuela a USA
2007602600959738207,2026-01-03 23:58:54+00:00,elmananarey,#NOTICIAS | Ataca EU a Venezuela y detienen a Maduro  EE. UU. lanzó un ataque a gran escala contra Venezuela la madrugada del sábado. Nicolás Maduro fue capturado y sacado del país tras una operación nocturna. https://t.co/rwk66ENc3m
2007602597897904388,2026-01-03 23:58:53+00:00,Robertobe,"@jdcorreau Estamos felices , derrotar a genocidas como Maduro nos da mucha emoción y saber que a Cepeda se le desinfló su candidatura es más alegría aún"
2007602597633634504,2026-01-03 23:58:53+00:00,Herripublika,"Vaya imagen, Nicolas Maduro arrestado por el régimen americano sobrevolando la ciudad de Nueva York hacia un centro penitenciario."
2007601829543367098,2026-01-03 23:55:50+00:00,EricLDaugh,"🚨 IT'S OFFICIAL: Nicolas Maduro is being flown RIGHT NOW via helicopter into Communist Zohran Mamdani's NYC, infuriating Zohran who filed a ""complaint"" with President Trump earlier today  LMFAO, this gets better and better!  🎥 @Breaking_4_News  https://t.co/m9NYQYcFs1"
2007602596379537775,2026-01-03 23:58:53+00:00,EdgardoTrovador,"@natalymorillos Nataly, nadie de ustedes han dicho nada de las cajas de banana con sorpresa. Complicidad que repulsa? Y no hay nada que decir de Maduro, aquí, lo grave, no es la detención de Maduro, lo condenable es la invasión territorial. No seas básica, mija."
2007602594970030401,2026-01-03 23:58:52+00:00,grok,"@Sinsentido402 @MaxdLasse Sí, la imagen parece real. Reportes de CNN y AP confirman la captura de Nicolás Maduro por fuerzas estadounidenses el 3 de enero de 2026, con fotos y videos similares de él siendo escoltado por agentes DEA."
2007602594508902643,2026-01-03 23:58:52+00:00,Artudito_R2D2,"@edufeiok HAMAS entrego a todos los rehenes, CFK está presa y Maduro capturado, ahora sí vas a descorchar Feinman?"
2007602593372205322,2026-01-03 23:58:52+00:00,FerCastroSpain,"@ahorraconmarta Sólo basta comparar a Putin tratando de derrocar a Zelensky en Ucrania con la operación Maduro. Analistas, ejercitense 🤣🤣🤣"
2007602592239759506,2026-01-03 23:58:52+00:00,RicardoGandugl6,Brasil Colombia y Uruguay salen a respaldar al dictador Maduro comunistas HDP
2007586063876010289,2026-01-03 22:53:11+00:00,WallStreetApes,"Venezuelans are crying on their knees thanking Trump and America for freeing them from Nicolas Maduro  I added English subtitles so you can understand them  “The people cry for their freedom, thanks to the United States for freeing us”  “The hero, thank you Donald Trump” https://t.co/UdRUI6W2aG"
2007602592122384664,2026-01-03 23:58:52+00:00,EstebanRojasR73,"@RTVCnoticias Pero no, Cepeda. Maduro era un dictador que robó elecciones. Entonces…."
2007602590331343108,2026-01-03 23:58:51+00:00,rkrdozzz,"@El_Krypto_Arg @moca_lucesitas Ese fue criticado por destruir de forma deliberada una ciudad. Este otro si fue criticado por detener una invasión (Superman habría impulsado que los venezolanos se libraran por medios propios, no defendería a maduro ni tampoco a la invasión de estados unidos) https://t.co/xD0OH3CWyN"
2007602589366661562,2026-01-03 23:58:51+00:00,Zaidamarte1,"@MorenoGuillermo Por qué usted cuando maduro perdió las elecciones , no salió en defensa de los venezolanos y pidió a los derechos internacionales que intervengan?????  Apoyador de dictadura"
2007602588808884229,2026-01-03 23:58:51+00:00,johan_salaza,@HarveyColchado Ahora va decir que gracias a él capturaron a a maduro
2007602588422709268,2026-01-03 23:58:51+00:00,caballero_fe00,"Oramos por Venezuela, por el futuro y por el bienestar de todos sus hijos.  #Venezuela #Maduro #EEUU https://t.co/5DgUZioCm4"
2007602587944792326,2026-01-03 23:58:51+00:00,CSantillan94,@TwKillins @AlertaNews24 Okay entonces te pregunto que opinas de lo que paso y de la captura de maduro
2007602586413871453,2026-01-03 23:58:50+00:00,politicodelared,¡No se dobla! ☝🏻  🔴 #DelcyRodríguez llamó a los venezolanos a resguardar su soberanía y defender la independencia nacional 🚨🇻🇪  https://t.co/g8bF4gVn5f
2007602586195767512,2026-01-03 23:58:50+00:00,sofiedgAC,@abrahamendieta Tierra de paz? Creo que te falta leer mucho sobre cómo llegó a ser dictador maduro o mejor dicho Chávez leer historia sobre América latina no te hará daño para que veas que aquí lo que menos puedes decir es que es tierra de paz
2007602586032198121,2026-01-03 23:58:50+00:00,Carito13440640,@sandra_chindoy Si un pueblo produce papas. Debe aprender a vivir libremente y con dignidad comercializando su producto.  No que aprovechen unos cuantos zurdos vividores oprimiendo al país  como lo hicieron Chavez y Maduro. Cierto...???
2007602583620477398,2026-01-03 23:58:50+00:00,vonabi01,"la gente q apoya a maduro y levanta la bandera comunista desde su casa ventilada,la justicia social no existe, anda al chaco a laburar y ayudar a la gente noble para q salgan adelante, aparte dicen ""trump saqueador"" se piensan que es todo gratis No se puede arreglar todo con paz"
2007602582164820017,2026-01-03 23:58:49+00:00,Isabelle0071,@liusivaya 🇷🇺🇨🇳🇺🇸 negociaron y dejaron caer a Maduro y tomaron el país.
2007602579853979984,2026-01-03 23:58:49+00:00,ChepoEchavarria,"@000021227e @AlertaNews24 Todos los seguidores de Nicolás Maduro que se vayan a vivir a Cuba qué buscan en Venezuela, son m mantenidos por Madura por eso lo defienden por huevones"
2007602578851549413,2026-01-03 23:58:48+00:00,AxolotlAndyMX,@Le_13arri23 Le dan una visa Estadounidense y Maduro vuelve a Caracas un hombre libre mañana.
2007602578658639926,2026-01-03 23:58:48+00:00,Roberto94975477,"@FreddyOliviery @ONU_es Maduro es un dictador que perdió en las urnas, Ucrania una de Oceanía, no sea imbecil"
2007602577865879678,2026-01-03 23:58:48+00:00,AlbertoRodNews,Traslado de Maduro a Nueva York genera festejos ante la corte y protestas en Times Square https://t.co/u5axW97tTt
2007602576708214852,2026-01-03 23:58:48+00:00,JesuKripto,@hippyygoat Fol Maduro PUto https://t.co/pEurSRyvE5
2007602575986790549,2026-01-03 23:58:48+00:00,hectorjgl,A Maduro lo recibió la brisa fría del invierno en Nueva York. Espero que haya sentido la frialdad del viento y se dé cuenta de que más nunca sentirá la calidez de un día en Caracas. https://t.co/jRVkOn79ID
2007602575122800776,2026-01-03 23:58:48+00:00,Coffejean08,"2026 inicia con todo, maduro capturado?, vegeta se nos casa? https://t.co/MZLGUBRVbA https://t.co/fYSbs9q0JZ"
2007602573960982614,2026-01-03 23:58:47+00:00,beltrandelrio,"Maduro y su esposa son llevados al Metropolitan Detention Center, en Brooklyn, Nueva York, donde estarán recluido durante el arranque del proceso penal en su contra."
